Gender,Married,Dependents,Education,Self_Employed,ApplicantIncome,CoapplicantIncome,LoanAmount,Loan_Amount_Term,Credit_History,property_Area
1,0,0,1,1,0.5736040609137055,0.0,0.5247524752475248,0.0,1.0,1
0,0,1,0,0,0.2487309644670051,0.0,0.6633663366336634,0.0,1.0,2
0,0,0,0,0,0.2018274111675126,0.0,0.3613861386138614,0.0,0.0,1
1,1,0,0,0,0.3061928934010152,0.3669333333333333,0.3861386138613861,0.0,0.0,2
1,0,0,1,0,0.3739086294416243,0.0,0.4158415841584159,0.0,1.0,0
0,0,0,0,0,0.4077157360406091,0.0,0.0891089108910891,0.0,1.0,1
1,0,0,1,0,0.6058542447270223,0.0,0.5297029702970297,0.0,1.0,0
1,1,0,0,0,0.2554314720812183,0.7644444444444445,0.4702970297029702,0.0,1.0,0
1,1,2,0,0,0.4078172588832487,0.2572444444444444,0.6534653465346535,0.0,1.0,0
0,0,0,0,0,0.3923270104566899,0.0,0.4454572757951523,0.0,1.0,1
1,1,1,0,0,0.395667549271701,0.5945804593130819,0.8423125430378151,0.0,1.0,2
0,0,0,0,0,0.4121545186765919,0.0,0.4778498662364641,0.0,0.0,1
1,1,1,0,0,0.1165359512116773,0.4986491837718843,0.4287173082487792,0.0,1.0,2
1,1,1,0,0,0.3781725888324873,0.0,0.2029702970297029,0.0,1.0,2
0,1,2,0,0,0.2799094677439427,0.286234335186093,0.5050346430812543,0.0,1.0,2
0,0,0,0,0,0.2261928934010152,0.0,0.099009900990099,0.0,1.0,0
1,1,2,0,0,0.6192893401015228,0.3013333333333333,0.9108910891089108,0.0,1.0,1
0,0,0,1,0,0.3299492385786802,0.0,0.3415841584158416,0.0,1.0,0
1,0,0,1,0,0.4807106598984771,0.0,0.1089108910891089,0.0,1.0,0
1,1,1,0,0,0.1126809516458316,0.5035690634437907,0.4270759923952425,0.0,1.0,2
1,1,0,0,0,0.2470050761421319,0.376,0.4653465346534653,0.0,1.0,2
1,0,0,0,0,0.2607106598984771,0.0,0.2178217821782178,0.0,1.0,1
1,1,1,0,0,0.3932304327874781,0.0,0.263589127158202,0.0,1.0,2
1,0,0,1,0,0.3245197291481416,0.1794968232113572,0.30418034989105,0.0,1.0,0
1,1,2,0,0,0.411035610864889,0.2572060491899652,0.6782616701965841,0.0,1.0,0
1,0,2,0,0,0.3490355329949238,0.0,0.4158415841584159,0.0,0.0,0
1,0,0,0,0,0.189238578680203,0.3429333333333333,0.2376237623762376,0.0,1.0,2
1,0,0,0,0,0.3282583485226726,0.0,0.2627235102398403,0.0,1.0,2
1,0,0,0,0,0.5401994294504857,0.0,0.4762102037709474,0.0,0.0,0
0,0,0,0,0,0.4034517766497462,0.0,0.4405940594059406,0.0,1.0,1
1,1,1,0,0,0.5601015228426395,0.4741333333333333,0.7623762376237624,0.0,1.0,0
1,1,0,0,0,0.5411109131306687,0.3663339524778098,0.7366834512333214,0.0,1.0,0
0,0,0,0,0,0.3667005076142132,0.2961777777777778,0.5396039603960396,0.0,1.0,0
1,1,2,0,0,0.3180710659898477,0.3617777777777778,0.6039603960396039,0.0,1.0,2
1,1,1,0,0,0.8050761421319796,0.4,0.7623762376237624,0.0,1.0,2
1,1,1,0,0,0.3760080269693825,0.0065474057022197,0.2097945974580432,0.0,1.0,2
1,1,2,0,0,0.6157609281947827,0.2018630886317999,0.7957911204341271,0.0,1.0,0
1,1,2,0,1,0.2385786802030456,0.8177777777777778,0.7425742574257426,0.0,1.0,0
1,1,0,1,0,0.4382741116751269,0.0,0.4653465346534653,0.0,1.0,0
0,0,0,0,0,1.0,0.2961777777777778,0.9851485148514852,0.0,1.0,0
1,1,1,0,0,0.6827411167512689,0.0,0.8613861386138614,0.0,1.0,1
1,1,0,0,0,0.2675126903553299,0.3584,0.4158415841584159,0.0,1.0,0
1,0,0,0,0,0.5785786802030456,0.0,0.5,0.0,1.0,2
1,1,2,0,0,0.3048730964467005,0.2773333333333333,0.5346534653465347,0.0,1.0,2
1,0,0,0,0,0.6732994923857868,0.0,0.5,0.0,1.0,2
1,1,2,1,0,0.7631472081218273,0.0,0.7871287128712872,0.0,1.0,0
1,1,2,0,0,0.4966497461928934,0.3703111111111111,0.7871287128712872,0.0,1.0,0
1,1,1,0,0,0.1756345177664974,0.0,0.1732673267326732,0.0,1.0,0
1,1,0,0,0,0.4781725888324873,0.1475555555555555,0.4900990099009901,0.0,1.0,1
1,1,1,0,1,0.5434517766497461,0.7982222222222223,0.2178217821782178,0.0,1.0,1
1,1,2,0,0,0.2850595625205058,0.2894880545174386,0.5055973992989303,0.0,0.9872957903552368,2
0,1,0,1,1,0.7098477157360406,0.0,0.5544554455445545,0.0,1.0,0
1,1,2,0,0,0.3238578680203046,0.304,0.6138613861386139,0.0,0.0,0
1,0,0,0,0,0.3579695431472081,0.7646222222222223,0.7227722772277227,0.0,1.0,0
1,1,3,0,0,0.6351269035532995,0.0,0.6138613861386139,0.0,1.0,1
1,0,0,0,1,0.509238578680203,0.0,0.504950495049505,0.0,1.0,1
1,0,0,1,1,0.2470050761421319,0.3852444444444444,0.3861386138613861,0.0,1.0,0
0,0,0,0,0,0.2902178657618756,0.0,0.421322487281889,0.0,0.0,1
1,1,0,1,0,0.2554946706118676,0.3369597381665314,0.4504152310094024,0.0,0.0,1
1,1,0,0,0,0.1703553299492385,0.2364444444444444,0.3663366336633663,0.0,0.0,2
1,1,1,0,0,0.6269035532994923,0.0,0.7376237623762376,0.0,1.0,1
1,0,0,0,0,0.4077157360406091,0.0,0.3564356435643564,0.0,0.0,1
1,1,2,0,0,0.2470050761421319,0.4142222222222222,0.4900990099009901,0.0,1.0,0
0,1,0,0,0,0.4058810169277813,0.2684010019463833,0.5808511765830725,0.0,0.0,0
1,0,0,0,0,0.3740181887121139,0.0,0.3254265673815614,0.0,1.0,2
0,0,0,0,0,0.4324845889820043,0.0,0.4426533649178895,0.0,1.0,0
1,1,3,0,0,0.4255837563451776,0.0336,0.4851485148514851,0.0,1.0,1
1,0,0,0,0,0.3764467005076142,0.0,0.2475247524752475,0.0,1.0,1
1,1,0,0,0,0.3499492385786802,0.3834666666666667,0.4603960396039603,0.0,0.0,0
1,1,0,1,0,0.1846707297219422,0.5855521825628316,0.8284197858865379,0.0,0.0,1
1,0,0,0,0,0.6231024280979941,0.76857333215745,0.8951241651780523,0.0,0.0,0
0,0,0,0,0,0.715736040609137,0.0,0.4653465346534653,0.0,1.0,0
1,0,0,0,0,0.5939086294416243,0.0,0.5643564356435644,0.0,1.0,0
1,1,0,0,0,0.1723261560267894,0.0060277203488784,0.1801678729241491,0.0,1.0,0
1,0,1,0,0,0.4298477157360406,0.3187555555555555,0.4504950495049504,0.0,1.0,2
1,1,2,0,0,0.4819970644454004,0.3509534142773858,0.7684963442444049,0.0,1.0,0
1,1,3,0,0,0.4193908629441624,0.0,0.3663366336633663,0.0,1.0,2
1,1,0,1,0,0.2903553299492385,0.5575111111111112,0.5,0.0,0.0,2
1,1,1,1,0,0.2487309644670051,0.4444444444444445,0.3168316831683168,0.0,1.0,1
1,1,0,1,0,0.2435017240412821,0.5438141972929204,0.43580201039778,0.0,0.0,2
0,0,0,0,1,0.3363451776649746,0.0,0.4752475247524752,0.0,1.0,2
1,1,0,1,0,0.5229634568973625,0.0,0.6019625818458652,0.0,1.0,2
1,1,1,0,0,0.5939086294416243,0.0,0.6633663366336634,0.0,1.0,0
1,1,2,1,0,0.4138071065989848,0.1848888888888889,0.4158415841584159,0.0,1.0,2
1,1,0,0,0,0.4570558375634517,0.6369777777777778,0.5,0.0,1.0,1
0,0,0,0,0,0.2385786802030456,0.0,0.2029702970297029,0.0,1.0,2
1,1,1,0,0,0.3866249252496759,0.1713556781590894,0.3927603490362238,0.0,1.0,2
1,1,0,0,0,0.3315858864122123,0.3486708403585558,0.4248646914432741,0.0,1.0,0
1,1,0,0,0,0.2456086294771223,0.2661914098476376,0.2568902301447426,0.0,1.0,0
1,0,0,0,0,0.4005076142131979,0.6128,0.6188118811881188,0.0,1.0,0
0,0,0,0,0,0.2176363679542688,0.1968468545975969,0.3760976328650091,0.0,0.0,1
0,0,0,1,0,0.4263959390862944,0.0,0.6336633663366337,0.0,1.0,0
0,0,0,0,0,0.3061928934010152,0.5306666666666667,0.5247524752475248,0.0,1.0,0
1,1,2,0,0,0.3917766497461929,0.3052444444444445,0.4455445544554455,0.0,1.0,1
1,1,0,0,0,0.8308629441624364,0.0,0.6633663366336634,0.0,1.0,1
1,0,2,0,0,0.5463959390862944,0.8263111111111111,0.6732673267326733,0.0,1.0,0
1,1,2,0,1,0.4500507614213198,0.3703111111111111,0.6633663366336634,0.0,1.0,1
1,1,2,0,0,0.7546192893401015,0.0,0.7970297029702971,0.0,1.0,2
0,1,2,0,0,0.3464757822543183,0.1087691814019259,0.5877910930507064,0.0,1.0,2
1,1,2,0,1,0.6192893401015228,0.2311111111111111,0.4059405940594059,0.0,1.0,0
1,0,0,0,0,0.3151269035532995,0.0,0.1188118811881188,0.0,1.0,2
1,1,3,0,0,0.8730964467005076,0.8881777777777778,0.5148514851485149,0.0,1.0,0
1,1,0,0,0,0.2850761421319797,0.5155555555555555,0.5198019801980198,0.0,1.0,1
0,0,0,0,0,0.3131069680608873,0.0,0.2268304557005505,0.0,0.0,2
0,0,2,0,0,0.365482233502538,0.3703111111111111,0.4653465346534653,0.0,1.0,1
1,1,0,0,0,0.2385786802030456,0.3765333333333333,0.3861386138613861,0.0,1.0,1
1,1,1,0,0,0.290659134976701,0.3244214509615801,0.5044015070726252,0.0,0.0,0
1,1,0,0,0,0.3397969543147208,0.3491555555555555,0.4455445544554455,0.0,1.0,0
1,1,0,1,0,0.2470050761421319,0.4192,0.4653465346534653,0.0,1.0,2
1,1,1,0,0,0.2541627890759287,0.3413101527958586,0.3524397089547744,0.0,1.0,2
1,1,0,0,0,0.2179695431472081,0.2705777777777778,0.3861386138613861,0.0,1.0,2
1,0,0,1,0,0.6158375634517765,0.0,0.5297029702970297,0.0,1.0,0
1,1,1,0,0,0.5033652803135924,0.0,0.5,0.0,0.0,0
1,0,0,0,0,0.6446700507614213,0.0,0.3910891089108911,0.0,0.0,0
1,1,0,0,0,0.3143147208121827,0.2519111111111111,0.5544554455445545,0.0,1.0,1
1,1,0,0,0,0.3416920272229958,0.2248717017575373,0.1895295515973732,0.0,1.0,0
1,1,2,1,0,0.3895431472081218,0.2508444444444445,0.6485148514851485,0.0,1.0,0
1,0,0,0,0,0.8307614213197969,0.6666666666666667,0.7970297029702971,0.0,1.0,0
1,1,0,0,1,0.2364467005076142,0.5356444444444445,0.801980198019802,0.0,1.0,2
1,1,0,0,0,0.2676439727794811,0.2194972414713156,0.298616469184489,0.0,0.0,2
1,1,2,0,0,0.3096446700507614,0.1244444444444444,0.2178217821782178,0.0,1.0,2
0,0,3,1,0,0.1705583756345177,0.0,0.5,0.0,0.0,2
0,1,2,0,0,0.2775276627546513,0.1789063259148299,0.6220555917379641,0.0,1.0,2
1,1,0,1,0,0.1541116751269035,0.6915555555555556,0.8663366336633663,0.0,0.0,1
1,1,0,1,0,0.215721196138328,0.4440228004187615,0.6479935568830255,0.0,0.0,2
1,1,2,0,0,0.3173604060913705,0.0860444444444444,0.5396039603960396,0.0,1.0,1
1,1,0,1,0,0.4346876272456491,0.2873541461164494,0.3561386175886747,0.0,0.0,2
0,1,2,0,0,0.1364497841848873,0.3307451377060008,0.6833758811854507,0.0,1.0,2
1,1,3,0,0,0.3299492385786802,0.4444444444444445,0.4801980198019802,0.0,0.0,0
1,1,0,0,0,0.3631472081218274,0.3155555555555556,0.5198019801980198,0.0,1.0,1
0,0,2,0,0,0.3899412448662191,0.0,0.4613174316821867,0.0,1.0,2
1,0,0,0,0,0.1939086294416243,0.3927111111111111,0.5346534653465347,0.0,1.0,1
1,1,3,1,0,0.3756345177664975,0.1747555555555555,0.3663366336633663,0.0,1.0,1
1,1,2,1,1,0.1751269035532995,0.3333333333333333,0.3514851485148514,0.0,1.0,1
1,0,0,0,0,0.1675126903553299,0.2156444444444444,0.1039603960396039,0.0,1.0,2
1,1,2,0,1,0.3214213197969543,0.6222222222222222,0.3069306930693069,0.0,1.0,2
0,0,0,1,0,0.2094416243654822,0.0,0.198019801980198,0.0,1.0,0
1,1,1,0,0,0.3299492385786802,0.4444444444444445,0.7277227722772277,0.0,1.0,1
1,0,0,0,0,0.6394277499142943,0.0,0.4059911340290947,0.0,0.0,0
1,1,3,0,1,0.5193908629441624,0.3153777777777778,0.7970297029702971,0.0,1.0,1
0,0,0,0,0,0.375228426395939,0.0,0.4207920792079208,0.0,1.0,1
0,0,1,1,0,0.5117766497461929,0.0,0.5247524752475248,0.0,1.0,1
1,1,3,0,0,0.5093401015228426,0.5630222222222222,0.8613861386138614,0.0,1.0,1
1,1,1,1,0,0.2120812182741116,0.4487111111111111,0.504950495049505,0.0,1.0,2
1,1,0,0,0,0.467005076142132,0.4147555555555556,0.5148514851485149,0.0,1.0,2
0,0,0,0,0,0.4517007968401486,0.0,0.5239145064194517,0.0,0.0,1
1,1,0,0,0,0.2969543147208122,0.4295111111111111,0.5594059405940595,0.0,1.0,0
1,0,0,0,0,0.1803045685279188,0.3290666666666667,0.1188118811881188,0.0,1.0,1
1,1,3,0,0,0.4610152284263959,0.0,0.3663366336633663,0.0,1.0,1
1,1,1,0,0,0.2376649746192893,0.3651555555555555,0.3861386138613861,0.0,1.0,1
0,0,0,0,0,0.3908629441624365,0.4044444444444444,0.5841584158415841,0.0,1.0,1
1,1,0,0,0,0.234807241709144,0.268557806536228,0.2693234277660026,0.0,1.0,0
0,1,2,1,0,0.0060913705583756,0.5185777777777778,0.3564356435643564,0.0,1.0,1
1,1,0,0,0,0.3612182741116751,0.4567111111111111,0.7277227722772277,0.0,1.0,2
1,0,0,0,0,0.5746184140603272,0.0,0.4424384538348965,0.0,1.0,2
1,1,0,0,0,0.3147208121827411,0.0,0.7128712871287128,0.0,1.0,0
1,1,0,0,0,0.5642639593908629,1.0,0.7970297029702971,0.0,1.0,1
1,1,0,0,0,0.0,0.32,0.5396039603960396,0.0,1.0,0
1,1,3,1,1,0.3231472081218274,0.3850666666666666,0.5148514851485149,0.0,1.0,1
1,1,2,0,0,0.3765482233502538,0.0,0.3465346534653465,0.0,1.0,1
1,0,0,1,0,0.6826235388552122,0.0281272778990054,0.4531748607028467,0.0,1.0,0
1,1,1,1,0,0.3959390862944162,0.9425777777777778,0.5544554455445545,0.0,1.0,0
1,1,0,0,0,0.210253807106599,0.0,0.1683168316831683,0.0,0.0,2
0,0,0,0,0,0.4077157360406091,0.0,0.4455445544554455,0.0,0.0,1
1,1,2,0,0,0.2839593908629441,0.2849777777777778,0.5,0.0,1.0,2
1,1,0,0,0,0.5765482233502538,0.0,0.5544554455445545,0.0,1.0,0
1,1,1,0,0,0.149746192893401,0.3205333333333333,0.3465346534653465,0.0,1.0,2
1,1,0,0,0,0.1633502538071066,0.6295111111111111,0.5198019801980198,0.0,1.0,1
1,0,3,0,0,0.9154314720812182,0.0,0.7871287128712872,0.0,1.0,0
1,0,0,0,0,0.5939086294416243,0.0,0.5693069306930693,0.0,1.0,2
1,0,0,1,0,0.4619424628864336,0.0331692088767279,0.5060197004402648,0.0,1.0,0
1,1,1,0,0,0.342401779449016,0.2347258602652429,0.4646217079347109,0.0,0.0,1
1,1,0,0,0,0.5446143968595193,0.3783965750242088,0.7333692306433288,0.0,0.966945561152016,0
1,1,1,0,0,0.5041624365482232,0.2579555555555555,0.6881188118811882,0.0,0.0,2
1,1,0,1,0,0.2216243654822335,0.2695111111111111,0.3415841584158416,0.0,1.0,2
1,0,2,0,0,0.4845685279187817,0.0,0.6930693069306931,0.0,0.0,1
1,1,3,0,0,0.3310352203551063,0.2331443030776139,0.5122266219161943,0.0,0.0,1
1,0,0,0,0,0.410253807106599,0.0,0.4653465346534653,0.0,1.0,0
0,0,0,0,1,0.2385786802030456,0.0,0.3316831683168317,0.0,1.0,2
1,1,0,0,0,0.3930417226778098,0.4461899678525388,0.5713026454834464,0.0,1.0,2
1,0,0,0,0,0.3062944162436548,0.0,0.2376237623762376,0.0,1.0,2
1,0,0,0,1,0.7123857868020304,0.0,0.504950495049505,0.0,1.0,2
1,1,2,0,0,0.299492385786802,0.2488888888888889,0.4306930693069307,0.0,1.0,2
0,0,0,0,0,0.475527406513095,0.0,0.366734410110237,0.0,0.0,1
0,0,0,1,0,0.3582815773189691,0.2103975940751841,0.3587714266302988,0.0,1.0,0
1,1,0,0,0,0.5419289340101522,0.0,0.4900990099009901,0.0,1.0,0
1,0,0,0,0,0.3908629441624365,0.4444444444444445,0.5643564356435644,0.0,1.0,0
0,0,0,0,0,0.4205004131334033,0.0,0.538591007362216,0.0,0.0,1
0,1,0,0,0,0.4500507614213198,0.0,0.4257425742574258,0.0,1.0,0
1,0,0,0,0,0.5244670050761421,0.0,0.5445544554455446,0.0,1.0,2
0,1,0,0,0,0.5360283397033336,0.0,0.383139499593134,0.0,0.0764676705803303,0
0,0,0,0,0,0.8071618268073663,0.0,0.8572014901416688,0.0,1.0,0
1,1,0,0,0,0.2603369840320509,0.055296073009992,0.6829306535372877,0.0,1.0,0
0,1,0,1,0,0.2449224736457,0.3593413469193979,0.4710746783228798,0.0,0.0,1
1,1,1,0,0,0.2828749223911713,0.1318430469582553,0.4390634943034607,0.0,0.0,1
1,0,0,0,0,0.2863959390862944,0.4961777777777778,0.5841584158415841,0.0,1.0,1
1,1,0,1,1,0.4319450540642623,0.1105455577405962,0.3411485896683064,0.0,1.0,1
0,1,0,0,0,0.4246700507614213,0.4357333333333333,0.4158415841584159,0.0,1.0,2
1,0,2,0,0,0.3448730964467005,0.0,0.2673267326732673,0.0,0.0,0
1,0,0,0,0,0.6106727626758832,0.0,0.4482839735633396,0.0,0.0,0
1,1,2,0,1,0.2615228426395939,0.0,0.396039603960396,0.0,0.0,1
1,1,0,0,0,0.2507614213197969,0.3952,0.6138613861386139,0.0,1.0,1
0,0,0,0,0,0.3317766497461929,0.0,0.5396039603960396,0.0,1.0,0
1,1,0,1,0,0.1739086294416243,0.1850666666666666,0.3564356435643564,0.0,1.0,1
1,1,0,0,0,0.3711436175839088,0.2681546964947718,0.5049690320385856,0.0,1.0,0
1,1,2,0,0,0.4965202683307564,0.0,0.5534476306458521,0.0,1.0,1
1,1,1,1,1,0.4654822335025381,0.0,0.5544554455445545,0.0,1.0,2
1,1,1,0,0,0.1409137055837563,0.2533333333333333,0.0198019801980197,0.0,1.0,2
1,1,1,1,0,0.3220520692586991,0.5161508976520475,0.6016553893493037,0.0,0.0,0
1,0,0,0,0,0.2249746192893401,0.4499555555555555,0.5445544554455446,0.0,1.0,1
0,1,0,0,0,0.2213197969543147,0.7975111111111112,0.3663366336633663,0.0,1.0,1
1,1,0,0,0,0.0888324873096446,0.977777777777778,0.9405940594059408,0.0,1.0,0
1,1,0,1,0,0.3612035341729194,0.6867120968286547,0.4468184284054183,0.0,1.0,0
1,0,0,0,1,0.7040609137055837,0.0,0.2871287128712871,0.0,1.0,1
1,0,2,0,0,0.4332309542251871,0.0,0.3053517720581453,0.0,0.0,0
0,0,0,1,0,0.2045685279187817,0.0,0.2178217821782178,0.0,1.0,1
0,0,0,0,0,0.3595939086294416,0.0,0.3316831683168317,0.0,1.0,0
1,1,2,0,0,0.2765606504726323,0.2904953997828136,0.7333563506601317,0.0,1.0,0
1,1,2,0,0,0.5726767809183877,0.2627930474059562,0.7926578088765301,0.0,1.0,0
1,0,0,1,0,0.5046697023516241,0.0,0.5297029702970297,0.0,1.0,0
0,0,0,0,0,0.9244372647196832,0.0,0.837826996892944,0.0,1.0,1
1,1,0,0,0,0.3901522842639593,0.5820444444444445,0.8960396039603961,0.0,1.0,1
0,0,0,0,0,0.3141116751269036,0.0,0.2673267326732673,0.0,1.0,2
1,1,3,0,0,0.332994923857868,0.2222222222222222,0.504950495049505,0.0,0.0,1
0,1,0,1,0,0.1805076142131979,0.2922666666666667,0.3663366336633663,0.0,1.0,1
0,0,0,0,0,0.2555329949238579,0.2888888888888889,0.2871287128712871,0.0,1.0,2
1,1,2,0,0,0.4254909830897602,0.0134968651926374,0.5003006727394399,0.0,0.0,1
1,1,0,1,0,0.2785786802030456,0.4963555555555556,0.6386138613861386,0.0,1.0,0
1,1,1,0,1,0.3366497461928934,0.2151111111111111,0.5148514851485149,0.0,1.0,0
1,1,0,0,0,0.2384771573604061,0.4369777777777778,0.6633663366336634,0.0,1.0,1
1,1,0,1,0,0.2339086294416243,0.4147555555555556,0.7673267326732673,0.0,0.0,2
1,1,2,1,0,0.3170558375634518,0.3235555555555556,0.2722772277227723,0.0,1.0,2
1,1,0,0,1,0.2893401015228426,0.0,0.198019801980198,0.0,1.0,2
1,1,0,0,0,0.4246700507614213,0.4357333333333333,0.4158415841584159,0.0,1.0,2
1,0,0,1,0,0.1878172588832487,0.0,0.5,0.0,1.0,2
1,1,1,0,0,0.3624095362695624,0.2742444351468981,0.512494239253231,0.0,0.915342426158185,0
1,0,0,1,0,0.3883248730964467,0.4499555555555555,0.1435643564356435,0.0,1.0,0
0,0,0,0,0,0.1370558375634517,0.32,0.3811881188118812,0.0,0.0,1
1,0,0,0,0,0.282741116751269,0.0,0.3564356435643564,0.0,1.0,1
1,1,0,0,0,0.3286306483370667,0.2480027256960794,0.1613257351395918,0.0,1.0,0
1,1,0,1,0,0.2465388912033749,0.3508283603469487,0.4931328803417615,0.0,0.0,1
1,1,1,0,0,0.9530964467005076,0.0,0.7970297029702971,0.0,1.0,2
1,0,1,1,0,0.2567512690355329,0.2314666666666666,0.3366336633663366,0.0,1.0,1
1,1,1,0,0,0.2908310119845807,0.3242987535351885,0.5037298484647125,0.0,0.0,0
1,0,0,1,0,0.5997981597630496,0.0,0.4408441184749178,0.0,0.0101023863866758,0
0,0,0,1,0,0.3583431993014535,0.2102598200379961,0.3587147878886382,0.0,1.0,0
1,1,0,1,0,0.3305583756345178,0.7852444444444445,0.4801980198019802,0.0,1.0,1
1,1,0,1,0,0.2060278691198911,0.4353555278711025,0.3856783029029166,0.0,0.0,1
1,1,3,0,1,0.5611167512690355,0.2531555555555556,0.3663366336633663,0.0,1.0,0
1,0,0,1,0,0.3085279187817258,0.4618666666666667,0.4653465346534653,0.0,1.0,0
1,1,3,1,0,0.298984771573604,0.0,0.4306930693069307,0.0,1.0,0
1,0,0,0,0,0.2870977010369251,0.0,0.2541093858669467,0.0,1.0,2
1,1,3,0,0,0.3325865614256048,0.2520175552429098,0.5016317079556165,0.0,0.0,0
1,1,0,0,0,0.3815601580957758,0.4499858853675462,0.6277373773755747,0.0,1.0,2
1,1,1,0,0,0.2895691502440934,0.3254403215124428,0.5752358148724834,0.0,0.211242521986575,0
1,1,2,1,0,0.412298369978829,0.2503483957229251,0.5098255546837273,0.0,1.0,0
1,1,1,0,0,0.3020304568527919,0.4592,0.7128712871287128,0.0,1.0,1
1,0,0,1,0,0.4394518335965311,0.072491692521466,0.4779429080435077,0.0,1.0,0
1,1,1,1,0,0.3424365482233502,0.5742222222222223,0.6237623762376238,0.0,0.0,0
1,0,2,0,0,0.351979695431472,0.0,0.400990099009901,0.0,1.0,1
1,1,0,0,0,0.3111141889183824,0.3287559221367516,0.5995276531947459,0.0,0.0,0
1,1,0,0,0,0.5860913705583756,0.3651555555555555,0.915841584158416,0.0,1.0,0
1,0,0,0,0,0.1743168189003491,0.5928407503137658,0.3838620689991631,0.0,1.0,0
0,0,0,0,0,0.4464666556616045,0.0,0.4867469135586666,0.0,0.0,1
1,1,2,1,0,0.2977664974619289,0.3854222222222222,0.495049504950495,0.0,1.0,2
1,1,0,0,0,0.2284263959390862,0.3852444444444444,0.4405940594059406,0.0,1.0,1
1,1,0,1,0,0.5972588832487309,0.0,0.6633663366336634,0.0,1.0,2
1,1,0,1,1,0.4614213197969543,0.0,0.3465346534653465,0.0,1.0,2
1,1,0,0,0,0.5500507614213197,0.3808,0.7376237623762376,0.0,1.0,0
0,0,0,1,0,0.1840609137055837,0.0,0.1336633663366336,0.0,1.0,1
1,1,0,0,0,0.2012182741116751,0.2828444444444444,0.3465346534653465,0.0,1.0,1
1,0,0,1,0,0.2587817258883249,0.4951111111111111,0.3465346534653465,0.0,1.0,1
1,1,1,0,1,0.3350253807106599,0.3696,0.6732673267326733,0.0,1.0,1
1,1,1,0,1,0.2279187817258883,0.0,0.5,0.0,1.0,1
1,1,0,0,0,0.2997969543147208,0.2311111111111111,0.2673267326732673,0.0,1.0,2
1,1,2,0,0,0.4864237915792745,0.0,0.2543722022436303,0.0,0.0,1
1,1,1,0,0,0.3231472081218274,0.5777777777777778,0.6534653465346535,0.0,1.0,2
1,1,3,0,0,0.3402907172613951,0.3836179430624752,0.6479905565704999,0.0,0.138238446594879,1
0,0,0,0,0,0.4333924375457186,0.0,0.3306095536786272,0.0,0.0,1
1,0,2,0,0,0.4688710713341854,0.0,0.2340359637583769,0.0,0.0,0
1,0,0,1,0,0.3500507614213198,0.2288,0.3663366336633663,0.0,1.0,0
0,0,0,0,0,0.4923857868020304,0.0,0.5247524752475248,0.0,1.0,0
1,1,0,0,0,0.0888324873096446,0.4929777777777778,0.4257425742574258,0.0,1.0,0
1,1,0,0,0,0.4515601675944285,0.2298854814610896,0.6566842527698347,0.0,0.0,0
1,1,1,0,0,0.3316751269035533,0.3111111111111111,0.7920792079207921,0.0,1.0,2
1,1,0,1,0,0.6036548223350253,0.0,0.9504950495049506,0.0,0.0,0
1,1,0,0,0,0.185482233502538,0.1772444444444444,0.1188118811881188,0.0,1.0,1
1,1,1,1,0,0.2377664974619289,0.4222222222222222,0.5,0.0,1.0,0
0,0,1,1,1,0.3773604060913705,0.0,0.1782178217821782,0.0,1.0,1
1,1,1,0,0,0.5582741116751269,0.0,0.0891089108910891,0.0,1.0,2
1,1,3,0,0,0.3201950447260139,0.4446321441942833,0.5259324111999059,0.0,0.0,0
1,0,0,0,0,0.350253807106599,0.0,0.2673267326732673,0.0,1.0,2
0,0,0,0,0,0.4255292194613495,0.0,0.4493492343986371,0.0,1.0,0
1,1,1,0,0,0.6353541582742678,0.3802009692109515,0.5438753384213475,0.0,0.0,2
1,1,3,0,0,0.5172765774300006,0.0,0.5281484622556842,0.0,1.0,1
0,0,1,1,0,0.4523857868020304,0.0,0.2722772277227723,0.0,1.0,0
1,1,1,0,0,0.4049960069831532,0.5437957957287491,0.8052674222902243,0.0,1.0,2
1,1,1,1,0,0.2766497461928934,0.3111111111111111,0.3910891089108911,0.0,1.0,1
0,1,0,0,0,0.3570558375634518,0.2593777777777777,0.5841584158415841,0.0,1.0,1
0,1,0,0,1,0.5431472081218274,0.0,0.3910891089108911,0.0,0.0,0
1,0,0,0,0,0.4393726582644077,0.0,0.5352194919890253,0.0,1.0,1
1,1,2,0,0,0.4923857868020304,0.0,0.2277227722772277,0.0,0.0,1
1,1,0,1,1,0.4257868020304568,0.1308444444444444,0.3019801980198019,0.0,1.0,1
1,1,2,1,1,0.6327918781725888,0.1777777777777777,0.7970297029702971,0.0,1.0,0
0,1,0,0,0,0.2836131918790017,0.5804544022466481,0.4565896151046359,0.0,0.1768897748863546,2
0,0,0,1,0,0.1783756345177665,0.4204444444444444,0.4653465346534653,0.0,1.0,2
1,1,3,0,0,0.4330964467005076,0.2222222222222222,0.4158415841584159,0.0,1.0,2
1,1,0,0,0,0.2586802030456853,0.3616,0.4752475247524752,0.0,1.0,1
1,1,1,0,0,0.1330792703967901,0.4511300811983685,0.3817206629762196,0.0,1.0,2
1,0,0,1,0,0.6903581533963122,0.0,0.4754228735895384,0.0,1.0,0
0,1,2,0,0,0.2517117361620674,0.2949831601577691,0.5400885218943309,0.0,1.0,2
1,1,1,0,0,0.189238578680203,0.52,0.4306930693069307,0.0,1.0,2
1,0,0,0,0,0.6484267889147519,0.0,0.4820854651599722,0.0,1.0,2
1,1,2,0,0,0.462741116751269,0.2465777777777777,0.6138613861386139,0.0,1.0,1
0,1,1,0,0,0.458477157360406,0.0,0.5396039603960396,0.0,1.0,2
1,1,0,0,0,0.3159089741129998,0.252286341050679,0.3794268984355363,0.0,0.0,2
1,0,0,0,0,0.3053807106598984,0.5427555555555555,0.3118811881188119,0.0,1.0,0
1,1,2,1,0,0.3503553299492385,0.2826666666666667,0.5,0.0,1.0,0
0,1,0,0,0,0.2307614213197969,0.0897777777777777,0.5148514851485149,0.0,1.0,1
1,1,0,0,0,0.5629441624365482,0.7408,0.7376237623762376,0.0,1.0,1
1,1,0,0,0,0.3401015228426396,0.2963555555555556,0.4356435643564357,0.0,1.0,1
1,0,0,1,0,0.2436548223350254,0.3630222222222222,0.495049504950495,0.0,1.0,0
1,1,0,1,0,0.1675126903553299,0.5216000000000001,0.3316831683168317,0.0,0.0,2
0,0,0,0,0,0.2888324873096446,0.0,0.1683168316831683,0.0,1.0,2
1,1,0,1,0,0.4321759970681085,0.259167762959833,0.6243311364112363,0.0,0.0,2
0,0,0,0,0,0.2284263959390862,0.3312,0.3861386138613861,0.0,0.0,2
1,0,0,0,0,0.1792893401015228,0.9000888888888889,0.2029702970297029,0.0,1.0,0
1,1,1,1,0,0.1835532994923858,0.4330666666666667,0.5198019801980198,0.0,1.0,0
1,1,2,1,0,0.2163451776649746,0.0,0.4306930693069307,0.0,1.0,0
1,0,0,0,1,0.6345177664974618,0.0,0.8613861386138614,0.0,1.0,0
1,0,0,0,0,0.5049746192893401,0.0,0.4851485148514851,0.0,0.0,0
1,0,0,0,0,0.9500507614213196,0.0,0.7970297029702971,0.0,1.0,0
0,0,0,0,0,0.4173772473805908,0.0,0.4786408260800329,0.0,0.5547730471597235,1
0,0,0,0,0,0.2980710659898477,0.0,0.4653465346534653,0.0,1.0,1
1,1,0,0,0,0.3231472081218274,0.4444444444444445,0.504950495049505,0.0,1.0,1
1,0,0,1,0,0.1624825151986622,0.0,0.2963168962084153,0.0,1.0,2
1,0,0,1,0,0.729238578680203,0.0,0.4653465346534653,0.0,1.0,0
0,0,0,1,0,0.3307607919811459,0.0092372811720651,0.3425834834751334,0.0,1.0,0
0,0,0,0,0,0.2518679306811848,0.5954197970718549,0.4607877525834455,0.0,0.0,2
1,1,2,1,0,0.2191878172588832,0.2231111111111111,0.4900990099009901,0.0,0.0,0
1,1,0,1,0,0.7624365482233502,0.0,0.3861386138613861,0.0,0.0,2
1,1,0,0,0,0.2926903553299492,0.2593777777777777,0.3415841584158416,0.0,1.0,2
1,0,1,1,1,0.2658883248730964,0.2741333333333333,0.8118811881188119,0.0,1.0,1
1,1,0,0,0,0.2323857868020304,0.5925333333333334,0.5099009900990099,0.0,1.0,0
1,1,3,1,0,0.3069035532994923,0.0,0.2376237623762376,0.0,1.0,1
1,1,2,0,0,0.3621319796954315,0.0,0.4653465346534653,0.0,1.0,1
1,1,1,0,0,0.2677157360406091,0.3408,0.594059405940594,0.0,0.0,0
0,0,0,0,0,0.305482233502538,0.0,0.3663366336633663,0.0,1.0,1
1,1,0,0,0,0.7541116751269035,0.1795555555555555,0.7376237623762376,0.0,1.0,1
1,1,0,1,0,0.3474111675126903,0.7313777777777778,0.6237623762376238,0.0,0.0,0
0,1,2,0,0,0.2980483420411695,0.1580317631411718,0.6118576226914271,0.0,1.0,2
1,1,1,0,0,0.2983756345177665,0.2275555555555555,0.4702970297029702,0.0,0.0,1
1,1,0,0,0,0.3680203045685279,0.0,0.4158415841584159,0.0,1.0,1
1,1,0,1,0,0.2521839233810665,0.357799139510805,0.4500619185986302,0.0,0.0,1
1,1,0,0,0,0.4803796447679385,0.2950838675175697,0.4957395895405059,0.0,1.0,2
1,0,1,0,0,0.3149725825291192,0.0,0.2819979388301059,0.0,1.0,0
1,1,0,0,0,0.215736040609137,0.3674666666666666,0.5,0.0,1.0,2
1,1,0,0,1,0.2463959390862944,0.6666666666666667,0.6237623762376238,0.0,1.0,0
0,0,0,0,0,1.0,0.0,0.9306930693069309,0.0,1.0,1
1,1,2,0,0,0.648730964467005,0.0,0.8861386138613861,0.0,1.0,1
1,1,0,0,0,0.3069035532994923,0.5370666666666667,0.5495049504950495,0.0,1.0,2
1,1,0,0,1,0.9553299492385786,0.0,0.8168316831683169,0.0,1.0,1
0,1,2,0,0,0.2019012197352981,0.3104377185750395,0.6020102336239028,0.0,1.0,2
1,1,0,0,0,0.4214213197969543,0.0,0.4554455445544554,0.0,1.0,2
1,0,0,0,0,0.6220304568527918,0.0,0.4554455445544554,0.0,0.0,0
1,0,2,0,0,0.3393693901853594,0.0796149663234767,0.3580811562441925,0.0,0.0,0
0,0,1,0,0,0.3259080133493748,0.0,0.5233269738138726,0.0,1.0,1
1,1,0,0,0,0.2163543809051949,0.0233325536611356,0.182167681305,0.0,0.0,2
0,1,0,0,0,0.3315736040609137,0.5006222222222223,0.4306930693069307,0.0,1.0,1
1,1,0,0,1,0.5754314720812183,0.384,0.7821782178217822,0.0,1.0,1
1,1,0,0,0,0.3730419107754547,0.4542123039839379,0.4190983898329882,0.0,1.0,2
1,1,2,0,0,0.8307614213197969,0.5630222222222222,0.6881188118811882,0.0,1.0,0
1,0,0,0,0,0.2319796954314721,0.0,0.2425742574257425,0.0,1.0,2
0,0,0,0,0,0.2653807106598985,0.2593777777777777,0.4158415841584159,0.0,1.0,2
1,1,0,0,0,0.2094416243654822,0.2,0.5,0.0,1.0,2
0,0,0,0,0,0.3309303551853444,0.0,0.447898774209489,0.0,1.0,0
1,1,2,1,0,0.4570558375634517,0.0,0.4158415841584159,0.0,1.0,0
1,1,0,0,0,0.3256177491397005,0.3618952089767211,0.5525469863472278,0.0,1.0,0
1,1,3,1,0,0.253502538071066,0.2821333333333333,0.7277227722772277,0.0,1.0,0
1,1,0,0,0,0.5468917722498166,0.3794034061206282,0.7351515183754371,0.0,0.9807925658399346,0
1,0,0,0,0,0.3125888324873096,0.4869333333333333,0.4158415841584159,0.0,1.0,2
1,1,0,1,0,0.2397461248576396,0.385209476778386,0.6405989271631713,0.0,0.0,1
1,1,2,0,0,0.4658826690154186,0.0,0.3588264595361354,0.0,1.0,2
1,0,0,1,0,0.1311675126903553,0.0,0.0445544554455445,0.0,1.0,2
1,1,0,0,0,0.3855837563451776,0.3080888888888889,0.6089108910891089,0.0,0.0,0
1,1,0,0,0,0.6198984771573604,0.0,0.6633663366336634,0.0,1.0,2
1,0,0,0,0,0.4558045656293654,0.3419142811637129,0.4887368934394214,0.0,0.9215466370607978,1
1,1,2,0,0,0.5111675126903553,0.0,0.6386138613861386,0.0,1.0,1
1,0,0,1,0,0.2819289340101523,0.4275555555555556,0.4207920792079208,0.0,1.0,1
1,0,0,0,0,0.3771573604060914,0.2915555555555555,0.5,0.0,1.0,0
0,0,0,0,1,0.4705655183982702,0.0,0.5510540011529226,0.0,0.0707034136539405,0
1,1,0,0,0,0.2216243654822335,0.4296888888888889,0.5445544554455446,0.0,1.0,2
0,0,0,0,0,0.3076142131979695,0.0,0.2227722772277227,0.0,0.0,2
1,0,2,0,0,0.4300376290481244,0.0,0.4985355861587843,0.0,0.0,0
1,1,1,0,0,0.379507798837932,0.0888435524707318,0.4884031950190006,0.0,0.0,1
1,1,3,1,0,0.4853807106598984,0.0,0.504950495049505,0.0,1.0,1
1,0,0,0,0,0.2385786802030456,0.0,0.1435643564356435,0.0,1.0,1
1,1,0,0,0,0.2934701452514822,0.3547115499955078,0.3842839309554248,0.0,0.0,2
0,0,0,0,0,0.5939086294416243,0.0,0.6435643564356436,0.0,1.0,2
1,1,2,0,0,0.4414759519282069,0.0,0.4552838534892239,0.0,0.0,1
1,0,0,1,0,0.5984771573604061,0.0,0.4405940594059406,0.0,0.0,0
1,1,0,0,0,0.3848730964467005,0.4152888888888889,0.5346534653465347,0.0,1.0,1
1,1,2,0,0,0.3705583756345177,0.64,0.9405940594059408,0.0,0.0,2
1,1,1,0,0,0.7208121827411167,0.2963555555555556,0.4158415841584159,0.0,0.0,2
1,1,0,1,0,0.4809137055837563,0.0,0.5297029702970297,0.0,1.0,0
1,1,2,0,0,0.2596954314720812,0.2074666666666667,0.3514851485148514,0.0,1.0,1
0,1,0,0,0,0.3062944162436548,0.4058666666666667,0.6336633663366337,0.0,1.0,1
1,1,0,0,0,0.575736040609137,0.0,0.5841584158415841,0.0,1.0,2
1,1,1,0,1,0.0862944162436548,0.5372444444444445,0.4158415841584159,0.0,1.0,2
0,0,0,0,0,0.4142131979695431,0.0,0.4257425742574258,0.0,1.0,1
1,1,1,0,0,0.1656852791878172,0.3968,0.400990099009901,0.0,1.0,0
1,1,2,0,0,0.4314720812182741,0.0,0.5,0.0,0.0,1
1,0,0,0,0,0.3317766497461929,0.0,0.5,0.0,1.0,1
1,1,0,1,0,0.1695431472081218,0.3144888888888889,0.3415841584158416,0.0,1.0,0
1,0,0,0,0,0.481725888324873,0.0,0.3762376237623762,0.0,1.0,1
1,0,0,1,0,0.6734010152284263,0.0,0.5148514851485149,0.0,1.0,1
0,1,0,0,0,0.3527918781725888,0.0,0.4059405940594059,0.0,1.0,1
1,0,1,0,1,0.4611167512690355,0.0,0.396039603960396,0.0,1.0,0
1,1,0,1,0,0.3351174953212929,0.4945596280643529,0.3659841465392892,0.0,1.0,0
1,1,2,1,0,0.2073096446700507,0.3096888888888889,0.094059405940594,0.0,1.0,1
1,1,0,1,0,0.2386618595763405,0.3906974104097719,0.6641375425962281,0.0,0.0,1
1,1,0,1,0,0.2809137055837563,0.0952888888888889,0.198019801980198,0.0,1.0,0
1,0,1,1,1,0.396243654822335,0.4312888888888889,0.6534653465346535,0.0,0.0,2
1,0,0,0,0,0.4602030456852792,0.3404444444444444,0.7871287128712872,0.0,1.0,1
0,1,0,1,0,0.2910659898477157,0.1178666666666666,0.3762376237623762,0.0,1.0,1
0,0,0,0,0,0.4463959390862944,0.0,0.4405940594059406,0.0,1.0,1
1,1,0,0,0,0.9069035532994923,0.0,1.0,0.0,1.0,1
1,1,1,0,0,0.2639593908629442,0.3274666666666667,0.4405940594059406,0.0,1.0,1
1,1,0,0,0,0.6020304568527918,0.4567111111111111,0.7722772277227723,0.0,1.0,0
0,0,0,0,0,0.447215032932151,0.0,0.5618336892494109,0.0,0.0447487849792435,1
1,1,1,0,0,0.3050761421319797,0.3162666666666667,0.5643564356435644,0.0,1.0,1
0,0,0,1,0,0.2609137055837564,0.0,0.2673267326732673,0.0,0.0,2
1,0,0,0,0,0.4598984771573604,0.3710222222222222,0.5,0.0,1.0,1
0,0,0,0,0,0.2392893401015228,0.0,0.1485148514851485,0.0,1.0,0
1,1,2,1,0,0.3824365482233502,0.0,0.4851485148514851,0.0,1.0,1
0,0,2,0,0,0.3326903553299492,0.0,0.5544554455445545,0.0,1.0,2
1,1,0,0,0,0.2267005076142132,0.3800888888888889,0.1584158415841584,0.0,1.0,0
1,1,2,1,0,0.3255837563451776,0.5082666666666666,0.5841584158415841,0.0,1.0,2
1,1,0,0,0,0.3440609137055838,0.2446222222222222,0.1435643564356435,0.0,1.0,0
0,0,0,0,0,0.1686294416243655,0.2961777777777778,0.1386138613861386,0.0,1.0,2
0,0,1,0,1,0.7412182741116751,0.0,0.5,0.0,1.0,1
1,1,0,0,0,0.2878702376284091,0.2569326246126337,0.208243987900303,0.0,1.0,0
1,1,0,0,0,0.3793908629441624,0.4744888888888889,0.6732673267326733,0.0,1.0,1
1,1,2,0,0,0.2849746192893401,0.0,0.2722772277227723,0.0,1.0,1
0,1,0,0,0,0.2821319796954314,0.4147555555555556,0.5594059405940595,0.0,1.0,1
1,1,0,0,0,0.3128934010152284,0.3466666666666667,0.4059405940594059,0.0,1.0,0
1,1,0,0,0,0.3611167512690355,0.5628444444444445,0.7722772277227723,0.0,1.0,0
0,0,0,0,1,0.7402030456852792,0.0,0.8316831683168316,0.0,1.0,0
1,0,0,0,0,0.365482233502538,0.8444444444444444,0.7425742574257426,0.0,1.0,2
1,0,3,1,0,0.4626395939086294,0.3543111111111111,0.6039603960396039,0.0,1.0,1
1,1,3,0,0,0.2554314720812183,0.3703111111111111,0.3415841584158416,0.0,1.0,0
1,1,2,0,0,0.473768113107046,0.0,0.4719942798811871,0.0,1.0,2
1,1,2,0,0,0.4622933625301983,0.0,0.2496624626397341,0.0,0.0,1
1,1,2,0,0,0.4534010152284264,0.0,0.5346534653465347,0.0,1.0,2
1,1,0,0,0,0.2657868020304568,0.3466666666666667,0.6386138613861386,0.0,1.0,0
1,1,0,0,0,0.2908629441624366,0.3889777777777778,0.6287128712871287,0.0,1.0,0
1,1,2,0,0,0.5320812182741116,0.0,0.5148514851485149,0.0,1.0,2
1,1,2,1,0,0.2783420061269669,0.2777360526150049,0.693405846699051,0.0,1.0,0
1,1,2,0,0,0.5592746035973056,0.0,0.5808000374106294,0.0,1.0,1
1,1,0,0,0,0.3104568527918782,0.5450666666666667,0.7227722772277227,0.0,1.0,2
0,0,0,0,0,0.1839430656936399,0.2672183774763024,0.4081341822908728,0.0,0.0,1
1,1,1,0,0,0.365482233502538,0.0,0.4455445544554455,0.0,1.0,1
1,0,0,1,0,0.3652791878172589,0.2965333333333333,0.4158415841584159,0.0,1.0,1
1,1,3,0,0,0.5177664974619288,0.0,0.3366336633663366,0.0,1.0,2
0,0,0,0,0,0.4505194939417938,0.0,0.3783348694420343,0.0,0.0,1
1,0,0,0,0,0.3492244394236465,0.2300877721912264,0.366659904688017,0.0,1.0,0
1,1,3,1,1,0.5637563451776649,0.0,0.5148514851485149,0.0,1.0,0
1,1,1,0,0,0.5177664974619288,0.1223111111111111,0.6633663366336634,0.0,1.0,0
1,0,0,0,0,0.4404125300784809,0.0,0.333506376521741,0.0,1.0,2
1,1,0,1,0,0.2421894204556389,0.3728429053175592,0.5875567460083126,0.0,0.0,1
1,0,0,0,1,0.6773604060913705,0.0,0.5693069306930693,0.0,1.0,0
1,0,0,1,0,0.3809137055837563,0.2961777777777778,0.4108910891089109,0.0,1.0,0
1,1,0,0,1,0.9962436548223348,0.0,0.7623762376237624,0.0,1.0,0
1,0,0,0,0,0.2364467005076142,0.0,0.1633663366336633,0.0,1.0,2
1,1,2,0,0,0.9698477157360406,0.0,0.4257425742574258,0.0,1.0,2
0,1,0,0,0,0.4500507614213198,0.0,0.2871287128712871,0.0,1.0,0
1,0,1,0,1,0.6045352406691853,0.0,0.4605983625584605,0.0,1.0,0
0,0,0,0,0,0.2791878172588832,0.0,0.2227722772277227,0.0,1.0,0
1,0,0,0,0,0.2873096446700507,0.3703111111111111,0.4653465346534653,0.0,1.0,0
0,1,0,0,0,0.2369543147208122,0.4092444444444444,0.5495049504950495,0.0,1.0,1
1,1,1,1,0,0.4071940372828992,0.4338313164563545,0.521526356266369,0.0,1.0,0
0,0,0,0,0,0.4519790381143351,0.0,0.3665060839232932,0.0,0.0,1
1,1,2,0,0,0.5755329949238578,0.888888888888889,0.4653465346534653,0.0,1.0,0
1,1,1,0,0,0.2095431472081218,0.2485333333333333,0.292079207920792,0.0,1.0,2
1,1,0,0,0,0.3135170691384348,0.3882839829964308,0.5396039603960396,0.0,1.0,0
0,1,2,0,0,0.2583173787563304,0.2929336473905859,0.531876748039067,0.0,1.0,2
1,1,0,0,0,0.2309644670050761,0.416,0.5792079207920792,0.0,1.0,1
1,1,1,0,0,0.5398984771573604,0.1834666666666666,0.0,0.0,1.0,1
1,0,0,0,0,0.2953991455170281,0.0,0.3394888901055152,0.0,0.1686347641362585,1
1,1,2,0,0,0.2770355795045557,0.29066763366105,0.7334723857405868,0.0,1.0,0
1,0,0,0,0,0.4043654822335025,0.0,0.4752475247524752,0.0,1.0,1
1,1,0,1,0,0.3051845406049028,0.7226785406527225,0.6767531655010912,0.0,0.0,0
1,1,2,0,0,0.4483248730964467,0.0,0.3663366336633663,0.0,1.0,2
1,0,0,0,0,0.3711675126903553,0.0,0.4900990099009901,0.0,1.0,2
1,0,0,0,0,0.6226395939086293,0.7850666666666667,0.905940594059406,0.0,0.0,0
0,0,1,0,0,0.276751269035533,0.2773333333333333,0.3168316831683168,0.0,1.0,2
1,0,0,1,0,0.5146847753915811,0.0,0.5297029702970297,0.0,1.0,0
