Gender,Married,Dependents,Education,Self_Employed,ApplicantIncome,CoapplicantIncome,LoanAmount,Credit_History,property_Area,Loan_Status
0.6931471805599453,0,0.0,0.0,0.0,0.37605337429981583,0.0,0.5,0.6931471805599453,2,1
0.6931471805599453,1,0.6931471805599453,0.0,0.0,0.2743403987870821,0.2375109552054172,0.504950495049505,0.6931471805599453,0,0
0.6931471805599453,1,0.0,0.0,0.6931471805599453,0.22644253430535768,0.0,0.19801980198019803,0.6931471805599453,2,1
0.6931471805599453,1,0.0,0.6931471805599453,0.0,0.19946111297181054,0.350093332573178,0.4653465346534653,0.6931471805599453,2,1
0.6931471805599453,0,0.0,0.0,0.0,0.38266669279255466,0.0,0.5693069306930693,0.6931471805599453,2,1
0.6931471805599453,1,0.0,0.6931471805599453,0.0,0.18247272892689526,0.23863187447648912,0.3415841584158416,0.6931471805599453,2,1
0.6931471805599453,1,1.3862943611198906,0.0,0.0,0.2286970412376962,0.3682169666739515,0.6534653465346535,0.0,1,0
0.6931471805599453,1,1.0986122886681096,0.0,0.0,0.23882464276468246,0.1172890865231001,0.21782178217821785,0.6931471805599453,2,1
0.6931471805599453,0,0.0,0.0,0.0,0.14796618518938173,0.40871906749461484,0.4356435643564357,0.6931471805599453,0,0
0.6931471805599453,0,0.0,0.0,0.0,0.2743403987870821,0.0,0.4900990099009901,0.6931471805599453,2,1
0.0,0,0.0,0.0,0.0,0.2573537816679085,0.0,0.24752475247524752,0.0,2,0
0.6931471805599453,1,0.0,0.6931471805599453,0.0,0.33121506036890763,0.0,0.5297029702970297,0.6931471805599453,0,0
0.6931471805599453,1,0.0,0.0,0.0,0.20059344381917157,0.4837969513780713,0.44059405940594065,0.6931471805599453,2,1
0.6931471805599453,1,0.0,0.6931471805599453,0.0,0.44896974371787257,0.0,0.38613861386138615,0.0,2,0
0.6931471805599453,1,0.0,0.6931471805599453,0.0,0.20059344381917157,0.2924705891835781,0.4455445544554455,0.0,1,0
0.6931471805599453,1,0.6931471805599453,0.0,0.0,0.26930252697878193,0.418710334858185,0.6188118811881188,0.6931471805599453,1,0
0.6931471805599453,1,0.0,0.0,0.6931471805599453,0.513158271737647,0.0,0.8168316831683169,0.6931471805599453,1,1
0.6931471805599453,1,0.0,0.0,0.0,0.21364028673868182,0.3368531164582303,0.4752475247524752,0.6931471805599453,1,1
0.6931471805599453,1,1.0986122886681096,0.6931471805599453,0.0,0.29734979506041465,0.1696490055401882,0.4158415841584159,0.6931471805599453,2,1
0.6931471805599453,0,0.0,0.6931471805599453,0.0,0.11622653285826107,0.0,0.044554455445544566,0.6931471805599453,2,0
0.0,0,1.0986122886681096,0.0,0.0,0.27117735398208015,0.3150378024616361,0.4653465346534653,0.6931471805599453,1,1
0.6931471805599453,1,0.6931471805599453,0.0,0.0,0.2941374505934284,0.4693367402580318,0.8663366336633663,0.6931471805599453,2,0
0.6931471805599453,0,0.0,0.0,0.0,0.23680535366787098,0.0,0.2376237623762376,0.6931471805599453,2,0
0.6931471805599453,0,0.6931471805599453,0.0,0.6931471805599453,0.32150437604898624,0.0,0.39603960396039606,0.6931471805599453,0,0
0.6931471805599453,1,0.0,0.0,0.0,0.2567681541855512,0.2595569087259328,0.4356435643564357,0.6931471805599453,1,1
0.6931471805599453,1,0.0,0.0,0.0,0.17843876861279395,0.31295987963604943,0.5,0.6931471805599453,2,1
0.6931471805599453,1,0.0,0.0,0.0,0.1460961030805208,0.2122398772849224,0.36633663366336633,0.0,2,0
0.0,1,0.0,0.0,0.0,0.2664463275039702,0.23061777183010324,0.5841584158415841,0.6931471805599453,1,1
0.6931471805599453,0,0.0,0.6931471805599453,0.0,0.27106395901021335,0.25969403591161216,0.4158415841584159,0.6931471805599453,1,1
0.6931471805599453,0,0.0,0.0,0.0,0.2625893007170198,0.0,0.26732673267326734,0.6931471805599453,2,0
0.6931471805599453,0,0.0,0.0,0.0,0.14399261538787048,0.1952743431266257,0.10396039603960397,0.6931471805599453,2,1
0.6931471805599453,1,0.0,0.0,0.0,0.18708850798892615,0.0,0.24257425742574257,0.6931471805599453,2,1
0.6931471805599453,1,0.0,0.0,0.0,0.2818716055819968,0.3473336720159573,0.5346534653465347,0.6931471805599453,1,1
0.6931471805599453,1,0.0,0.6931471805599453,0.6931471805599453,0.32165548648340403,0.0,0.3465346534653465,0.6931471805599453,2,1
0.0,0,0.0,0.0,0.0,0.2514618505405193,0.0,0.3069306930693069,0.6931471805599453,2,1
0.6931471805599453,1,0.6931471805599453,0.0,0.0,0.36712535676282926,0.0,0.0891089108910891,0.6931471805599453,2,1
0.6931471805599453,1,0.0,0.0,0.0,0.37481515424355266,0.0,0.5841584158415841,0.6931471805599453,2,1
0.0,1,0.0,0.0,0.0,0.20357710489745687,0.47719989611633057,0.4653465346534653,0.0,2,0
0.0,0,0.0,0.0,0.0,0.2851220817074203,0.33964181138249194,0.5841584158415841,0.6931471805599453,1,1
0.0,1,0.0,0.6931471805599453,0.0,0.15353151176452487,0.25639778241201455,0.36633663366336633,0.6931471805599453,1,1
0.0,0,0.0,0.0,0.0,0.23180938798201645,0.0,0.4653465346534653,0.6931471805599453,1,1
0.0,0,0.0,0.0,0.0,0.29756309343355813,0.0,0.4257425742574258,0.6931471805599453,1,0
0.6931471805599453,1,1.0986122886681096,0.0,0.0,0.3176580238782292,0.0,0.5346534653465347,0.6931471805599453,2,0
0.6931471805599453,1,1.0986122886681096,0.0,0.0,0.20772121261443915,0.18852450091856238,0.35148514851485146,0.6931471805599453,1,1
0.6931471805599453,1,0.0,0.0,0.0,0.16833779669599505,0.24907983466983868,0.3465346534653465,0.6931471805599453,1,1
0.6931471805599453,1,0.0,0.0,0.0,0.24884403143313544,0.33010278833573303,0.5396039603960396,0.6931471805599453,0,0
0.6931471805599453,1,0.6931471805599453,0.0,0.0,0.46411304810228377,0.3364722366212129,0.7623762376237624,0.6931471805599453,2,1
0.6931471805599453,1,1.0986122886681096,0.6931471805599453,0.0,0.24830663525803773,0.41096108861195213,0.5841584158415841,0.6931471805599453,2,1
0.6931471805599453,1,0.0,0.0,0.0,0.19389144719748272,0.5157202919760469,0.4653465346534653,0.6931471805599453,2,1
0.6931471805599453,1,1.3862943611198906,0.0,0.0,0.22825956194929475,0.0,0.3613861386138614,0.6931471805599453,2,1
0.6931471805599453,1,0.6931471805599453,0.0,0.0,0.3340604198820832,0.0,0.5,0.0,0,0
0.0,0,0.0,0.0,0.0,0.2941374505934284,0.0,0.4455445544554455,0.0,1,0
0.0,0,0.0,0.0,0.0,0.30127862480550255,0.0,0.5445544554455446,0.0,1,0
0.6931471805599453,1,0.0,0.0,0.0,0.23931277717161467,0.4350670593648392,0.7227722772277227,0.6931471805599453,2,1
0.6931471805599453,1,1.0986122886681096,0.6931471805599453,0.6931471805599453,0.14960563369690366,0.2876820724517809,0.35148514851485146,0.6931471805599453,1,1
0.6931471805599453,1,1.3862943611198906,0.6931471805599453,0.0,0.3246663348944324,0.0,0.3415841584158416,0.0,1,0
0.6931471805599453,1,1.3862943611198906,0.0,0.6931471805599453,0.3494656740204693,0.27412390785293006,0.7970297029702971,0.6931471805599453,1,1
0.6931471805599453,0,0.0,0.0,0.0,0.27117735398208015,0.6121781180262782,0.7425742574257426,0.6931471805599453,2,0
0.6931471805599453,1,0.6931471805599453,0.0,0.6931471805599453,0.0795246839382803,0.4299914918878094,0.4158415841584159,0.6931471805599453,2,0
0.6931471805599453,1,1.3862943611198906,0.6931471805599453,0.6931471805599453,0.24687034925735774,0.3257482732582372,0.5148514851485149,0.6931471805599453,1,1
0.0,0,0.0,0.0,0.0,0.27658561809852783,0.0,0.42079207920792083,0.6931471805599453,1,1
0.6931471805599453,1,0.6931471805599453,0.0,0.6931471805599453,0.1867456633847765,0.0,0.5,0.6931471805599453,1,1
0.0,1,1.0986122886681096,0.0,0.0,0.11108483442235427,0.28848175262234527,0.698019801980198,0.6931471805599453,2,0
0.6931471805599453,0,0.0,0.0,0.0,0.1847520381419463,0.3715329046217249,0.5445544554455446,0.6931471805599453,1,1
0.6931471805599453,1,1.0986122886681096,0.6931471805599453,0.0,0.24687034925735774,0.30421137440299145,0.3613861386138614,0.6931471805599453,1,1
0.6931471805599453,1,0.0,0.0,0.0,0.19389144719748272,0.31956826131410265,0.38613861386138615,0.6931471805599453,1,1
0.6931471805599453,0,0.0,0.0,0.0,0.48092499411494627,0.0,0.9108910891089109,0.6931471805599453,2,1
0.6931471805599453,1,0.0,0.0,0.0,0.36919615371887443,0.5543447776794864,0.7376237623762376,0.6931471805599453,1,1
0.6931471805599453,1,0.0,0.0,0.0,0.22379771423827352,0.41578207507909665,0.5198019801980198,0.6931471805599453,1,1
0.6931471805599453,1,1.0986122886681096,0.6931471805599453,0.0,0.24325892923205242,0.2803217180454885,0.2722772277227723,0.6931471805599453,2,1
0.6931471805599453,0,0.0,0.0,0.0,0.292360302480717,0.0,0.4752475247524752,0.6931471805599453,1,1
0.6931471805599453,0,0.0,0.0,0.0,0.41528171461283775,0.0,0.5,0.6931471805599453,2,0
0.0,1,0.0,0.0,0.0,0.19280982907661015,0.343053705764535,0.5495049504950495,0.6931471805599453,1,1
0.6931471805599453,1,0.0,0.0,0.0,0.15713163799011057,0.16317649103457071,0.1188118811881188,0.6931471805599453,1,1
0.6931471805599453,1,0.0,0.0,0.0,0.14089520630226926,0.4882800379964485,0.5198019801980198,0.6931471805599453,1,1
0.6931471805599453,0,0.0,0.0,0.0,0.3290435140126487,0.5167811874712639,0.6188118811881188,0.6931471805599453,1,1
0.6931471805599453,1,0.0,0.0,0.0,0.31948436356709436,0.49285172332909766,0.5,0.6931471805599453,1,1
0.6931471805599453,1,0.6931471805599453,0.0,0.0,0.27490279951613394,0.12579039716933443,0.6633663366336634,0.6931471805599453,2,1
0.6931471805599453,1,0.6931471805599453,0.0,0.0,0.2296953746594933,0.16814750375659113,0.36633663366336633,0.6931471805599453,2,1
0.6931471805599453,0,0.0,0.6931471805599453,0.0,0.436757800270402,0.0,0.4653465346534653,0.6931471805599453,0,0
0.6931471805599453,1,1.0986122886681096,0.0,0.0,0.2740026064314274,0.49469624183610705,0.9405940594059407,0.0,2,0
0.6931471805599453,0,0.0,0.0,0.0,0.3518145421695916,0.0,0.5445544554455446,0.6931471805599453,2,1
0.0,1,0.0,0.0,0.0,0.22196229508973733,0.34695676391425306,0.5594059405940595,0.6931471805599453,1,1
0.6931471805599453,1,0.0,0.6931471805599453,0.0,0.2609672103525662,0.5489174948885783,0.6237623762376238,0.0,0,0
0.0,0,0.6931471805599453,0.0,0.6931471805599453,0.44120864555734285,0.0,0.5,0.6931471805599453,1,1
0.6931471805599453,0,0.0,0.0,0.0,0.33916263397005253,0.0,0.4554455445544554,0.6931471805599453,1,1
0.0,1,0.0,0.0,0.0,0.23680535366787098,0.34065395721788666,0.6336633663366337,0.6931471805599453,1,1
0.6931471805599453,1,0.6931471805599453,0.0,0.0,0.17415725609123855,0.22196952908639958,0.29207920792079206,0.6931471805599453,2,1
0.6931471805599453,1,0.0,0.0,0.0,0.3634532947139322,0.32266304134702645,0.7376237623762376,0.6931471805599453,0,0
0.6931471805599453,1,0.6931471805599453,0.0,0.0,0.36793691769968784,0.38807024648304933,0.7623762376237624,0.6931471805599453,0,1
0.0,0,0.0,0.0,0.0,0.2941374505934284,0.0,0.0891089108910891,0.6931471805599453,1,1
0.6931471805599453,1,1.0986122886681096,0.0,0.0,0.22373454994116326,0.0,0.2722772277227723,0.6931471805599453,1,1
0.6931471805599453,1,0.0,0.6931471805599453,0.0,0.30127862480550255,0.30604575646873877,0.8316831683168316,0.6931471805599453,0,1
0.0,0,0.0,0.0,0.0,0.2678767799528379,0.0,0.3316831683168317,0.6931471805599453,0,1
0.6931471805599453,0,0.0,0.0,0.0,0.2776480174709708,0.2558473489317624,0.5,0.6931471805599453,0,1
0.6931471805599453,1,0.0,0.0,0.0,0.3861272377546805,0.37618123103419554,0.7722772277227723,0.6931471805599453,0,0
0.6931471805599453,0,0.0,0.0,0.0,0.1598315864348696,0.2948562761997813,0.2376237623762376,0.6931471805599453,2,1
0.6931471805599453,0,0.0,0.0,0.0,0.2083755006926518,0.0,0.21782178217821785,0.6931471805599453,1,1
0.6931471805599453,0,0.0,0.0,0.0,0.33160867804375155,0.0,0.37623762376237624,0.6931471805599453,1,1
0.0,1,0.0,0.0,0.0,0.3159768944323368,0.0,0.2871287128712871,0.6931471805599453,0,0
0.6931471805599453,1,1.0986122886681096,0.0,0.6931471805599453,0.24585012648716703,0.4837969513780713,0.3069306930693069,0.6931471805599453,2,1
0.6931471805599453,1,1.0986122886681096,0.6931471805599453,0.0,0.29596074816920315,0.2265156372142935,0.5099009900990099,0.6931471805599453,0,0
0.6931471805599453,1,1.0986122886681096,0.0,0.0,0.3387760861372097,0.3150378024616361,0.7871287128712872,0.6931471805599453,0,0
0.6931471805599453,0,0.0,0.0,0.0,0.35651886998762816,0.0,0.7029702970297029,0.6931471805599453,2,1
0.6931471805599453,1,0.0,0.0,0.0,0.20706596812057781,0.3086604788369726,0.4752475247524752,0.6931471805599453,1,1
0.0,1,0.0,0.0,0.0,0.18226495086069405,0.5864029920187782,0.36633663366336633,0.6931471805599453,1,1
0.6931471805599453,1,0.6931471805599453,0.0,0.0,0.12383529484732264,0.22580666873369346,0.019801980198019792,0.6931471805599453,2,1
0.0,0,0.0,0.0,0.0,0.5265890341390445,0.25941976273380946,0.9851485148514852,0.6931471805599453,0,0
0.6931471805599453,1,0.0,0.0,0.0,0.32988385768373873,0.13763407620812199,0.4900990099009901,0.6931471805599453,1,1
0.6931471805599453,0,0.0,0.0,0.0,0.39452463401829596,0.0,0.4554455445544554,0.0,0,0
0.6931471805599453,1,0.0,0.0,0.6931471805599453,0.19906078590129922,0.5108256237659907,0.6237623762376238,0.6931471805599453,0,1
0.6931471805599453,1,1.0986122886681096,0.6931471805599453,0.0,0.17885773675130118,0.0,0.43069306930693074,0.6931471805599453,0,0
0.6931471805599453,0,0.0,0.0,0.0,0.2421090954730403,0.0,0.1188118811881188,0.6931471805599453,2,1
0.6931471805599453,1,0.6931471805599453,0.0,0.0,0.38266669279255466,0.0,0.6633663366336634,0.6931471805599453,0,1
0.6931471805599453,1,0.6931471805599453,0.0,0.0,0.5124738853640673,0.0,0.7970297029702971,0.6931471805599453,2,1
0.6931471805599453,0,0.0,0.0,0.0,0.22518506107441325,0.3150378024616361,0.4653465346534653,0.6931471805599453,0,1
0.6931471805599453,1,0.0,0.6931471805599453,0.0,0.14871210897146717,0.16979903179506414,0.3564356435643564,0.6931471805599453,1,1
0.6931471805599453,1,0.6931471805599453,0.0,0.0,0.23199543455378957,0.2050248387707716,0.47029702970297027,0.0,1,0
0.6931471805599453,1,1.0986122886681096,0.0,0.0,0.2941911883093851,0.22892237724485848,0.6534653465346535,0.6931471805599453,0,1
0.6931471805599453,1,0.0,0.0,0.0,0.26873279108047904,0.4465075227785577,0.7722772277227723,0.6931471805599453,0,1
0.0,1,0.0,0.0,0.0,0.3159768944323368,0.0,0.4257425742574258,0.6931471805599453,0,0
0.6931471805599453,1,0.0,0.0,0.0,0.18975383116697497,0.4653260396946245,0.5099009900990099,0.6931471805599453,0,1
0.6931471805599453,1,1.0986122886681096,0.0,0.0,0.4612738758345976,0.0,0.8613861386138614,0.6931471805599453,1,1
0.6931471805599453,1,0.0,0.6931471805599453,0.0,0.1454960795108059,0.27344791242395633,0.3415841584158416,0.6931471805599453,0,1
0.6931471805599453,1,0.0,0.0,0.0,0.3697794830725571,0.6931471805599453,0.7970297029702971,0.6931471805599453,1,1
0.6931471805599453,1,0.0,0.6931471805599453,0.6931471805599453,0.3035975982202407,0.12296464960618336,0.30198019801980197,0.6931471805599453,1,0
0.6931471805599453,1,0.0,0.0,0.0,0.2565923124869454,0.2994788823312919,0.4455445544554455,0.6931471805599453,0,1
0.6931471805599453,1,1.0986122886681096,0.0,0.0,0.16208157235892984,0.25295259193068315,0.3712871287128713,0.6931471805599453,0,1
0.6931471805599453,1,0.6931471805599453,0.0,0.0,0.27117735398208015,0.0,0.4455445544554455,0.6931471805599453,1,1
0.6931471805599453,0,0.0,0.0,0.0,0.1526455501720752,0.6419006687038061,0.20297029702970298,0.6931471805599453,0,0
0.0,1,0.0,0.0,0.0,0.26403249901160636,0.0,0.40594059405940597,0.6931471805599453,1,1
0.6931471805599453,1,0.0,0.0,0.0,0.18592177726677234,0.3221479093330594,0.1584158415841584,0.6931471805599453,0,1
0.6931471805599453,0,0.0,0.6931471805599453,0.0,0.3311165979967187,0.0,0.1089108910891089,0.6931471805599453,0,1
0.6931471805599453,1,0.0,0.6931471805599453,0.0,0.3840977514718054,0.0,0.6633663366336634,0.6931471805599453,2,0
0.6931471805599453,0,0.0,0.0,0.0,0.27725691168199673,0.0,0.24752475247524752,0.6931471805599453,1,1
0.6931471805599453,0,0.0,0.0,0.0,0.2954788682143566,0.0,0.4653465346534653,0.6931471805599453,0,1
0.6931471805599453,1,0.6931471805599453,0.0,0.0,0.23422190778468288,0.3778883403379299,0.7128712871287128,0.6931471805599453,1,0
0.6931471805599453,0,0.0,0.0,0.0,0.47295673798788374,0.5108256237659907,0.7970297029702971,0.6931471805599453,0,1
0.0,0,0.0,0.6931471805599453,0.0,0.1519799619823709,0.3509698116876994,0.4653465346534653,0.6931471805599453,2,1
0.0,1,0.0,0.0,0.0,0.2518176157262921,0.40587983691109913,0.43069306930693074,0.6931471805599453,1,1
0.6931471805599453,1,0.6931471805599453,0.6931471805599453,0.0,0.20059344381917157,0.3677247801253174,0.31683168316831684,0.6931471805599453,1,1
0.6931471805599453,0,1.0986122886681096,0.0,0.0,0.33298342668498926,0.0,0.6930693069306931,0.0,1,1
0.6931471805599453,1,0.6931471805599453,0.6931471805599453,0.0,0.2567681541855512,0.1760798958704786,0.5396039603960396,0.6931471805599453,2,1
0.6931471805599453,1,1.0986122886681096,0.6931471805599453,0.0,0.28054231263698765,0.0,0.48514851485148514,0.6931471805599453,1,1
0.0,0,0.0,0.6931471805599453,0.0,0.30694820085066654,0.0,0.4653465346534653,0.6931471805599453,1,1
0.0,0,0.0,0.0,0.0,0.24150270996326756,0.0,0.26732673267326734,0.6931471805599453,2,1
0.6931471805599453,0,0.0,0.6931471805599453,0.0,0.2837477630392899,0.3715329046217249,0.14356435643564358,0.6931471805599453,0,1
0.6931471805599453,0,0.0,0.0,0.0,0.1924712917920026,0.0,0.16336633663366334,0.6931471805599453,2,1
0.6931471805599453,0,0.0,0.0,0.0,0.2519361398463049,0.0,0.5,0.6931471805599453,1,0
0.0,0,0.0,0.0,0.0,0.5265890341390445,0.0,0.9306930693069307,0.6931471805599453,1,0
0.6931471805599453,1,1.3862943611198906,0.0,0.0,0.25264661074444944,0.20067069546215116,0.504950495049505,0.0,1,0
0.6931471805599453,1,1.3862943611198906,0.6931471805599453,0.6931471805599453,0.3695552241573147,0.0,0.5148514851485149,0.6931471805599453,0,1
0.6931471805599453,1,0.0,0.0,0.0,0.23717318572568966,0.4298758381549562,0.5495049504950495,0.6931471805599453,2,1
0.6931471805599453,1,1.3862943611198906,0.6931471805599453,0.0,0.2768094987607367,0.1610600881281931,0.36633663366336633,0.6931471805599453,1,1
0.6931471805599453,1,0.0,0.0,0.0,0.0,0.27763173659827944,0.5396039603960396,0.6931471805599453,0,0
0.6931471805599453,1,0.0,0.0,0.0,0.2698715143461091,0.27425905211964025,0.5198019801980198,0.6931471805599453,1,1
0.6931471805599453,1,1.0986122886681096,0.0,0.0,0.33674079955545455,0.0,0.2277227722772277,0.0,1,0
0.0,1,1.0986122886681096,0.0,0.0,0.30037925907764773,0.3532200939224357,0.5,0.6931471805599453,1,1
0.6931471805599453,1,0.0,0.0,0.0,0.174650623229324,0.0,0.1683168316831683,0.0,2,0
0.6931471805599453,1,1.0986122886681096,0.0,0.0,0.2856157613028653,0.26639033698415876,0.4455445544554455,0.6931471805599453,1,1
0.6931471805599453,0,0.0,0.0,0.0,0.22461803383659887,0.40291370790487024,0.5841584158415841,0.6931471805599453,1,1
0.6931471805599453,1,0.0,0.0,0.0,0.4459430823419508,0.165137719693687,0.7376237623762376,0.6931471805599453,1,1
0.6931471805599453,1,0.0,0.0,0.0,0.39338400730106937,0.0,0.504950495049505,0.6931471805599453,1,1
0.6931471805599453,1,0.0,0.0,0.0,0.24186664157995358,0.0,0.7128712871287128,0.6931471805599453,0,0
0.6931471805599453,1,0.6931471805599453,0.6931471805599453,0.6931471805599453,0.32366511581970275,0.0,0.5544554455445545,0.6931471805599453,2,0
0.6931471805599453,1,1.0986122886681096,0.0,0.0,0.39338400730106937,0.26338937988273636,0.9108910891089109,0.6931471805599453,1,1
0.6931471805599453,0,0.0,0.0,0.6931471805599453,0.3996802861137912,0.0,0.8613861386138614,0.6931471805599453,0,1
0.6931471805599453,1,0.6931471805599453,0.0,0.0,0.1932833556430139,0.31126838225792264,0.38613861386138615,0.6931471805599453,1,1
0.6931471805599453,0,0.0,0.6931471805599453,0.0,0.23815257369230666,0.3797141578982746,0.4653465346534653,0.6931471805599453,0,1
0.6931471805599453,1,0.6931471805599453,0.0,0.0,0.23606876807743438,0.2747994466207672,0.5643564356435644,0.6931471805599453,1,1
0.6931471805599453,1,0.6931471805599453,0.0,0.0,0.3603449819706199,0.20212418409013433,0.7128712871287128,0.6931471805599453,0,1
0.0,0,0.0,0.0,0.6931471805599453,0.25459447169827926,0.0,0.4752475247524752,0.6931471805599453,2,1
0.0,0,0.6931471805599453,0.0,0.0,0.2746779271236399,0.0,0.4257425742574258,0.6931471805599453,0,1
0.6931471805599453,1,0.6931471805599453,0.0,0.0,0.24579003944333644,0.0,0.3465346534653465,0.6931471805599453,1,1
0.6931471805599453,1,1.0986122886681096,0.0,0.0,0.3747265657405845,0.6359887667199967,0.4653465346534653,0.6931471805599453,0,1
0.6931471805599453,1,1.0986122886681096,0.0,0.6931471805599453,0.39338400730106937,0.20791710398291838,0.40594059405940597,0.6931471805599453,0,1
0.6931471805599453,1,0.0,0.6931471805599453,0.0,0.25122451290899056,0.5795553495220299,0.4801980198019802,0.6931471805599453,1,1
0.6931471805599453,1,1.0986122886681096,0.0,0.0,0.5175765279106148,0.0,0.4257425742574258,0.6931471805599453,2,1
0.6931471805599453,1,0.0,0.0,0.0,0.14466977731568928,0.2867483032916898,0.31683168316831684,0.6931471805599453,2,1
0.6931471805599453,1,0.0,0.6931471805599453,0.0,0.13394587537413055,0.525648552657629,0.8663366336633663,0.0,1,0
0.0,0,1.0986122886681096,0.0,0.0,0.2524691012184439,0.0,0.5544554455445545,0.6931471805599453,2,0
0.6931471805599453,0,0.0,0.6931471805599453,0.6931471805599453,0.19946111297181054,0.3258766182497501,0.38613861386138615,0.6931471805599453,0,1
0.6931471805599453,0,0.0,0.6931471805599453,0.0,0.3846168859390486,0.0,0.44059405940594065,0.0,0,0
0.6931471805599453,1,1.3862943611198906,0.0,0.0,0.34871120866666727,0.0,0.33663366336633666,0.6931471805599453,2,0
0.6931471805599453,1,1.3862943611198906,0.6931471805599453,0.0,0.3333753821794679,0.0,0.504950495049505,0.6931471805599453,1,0
0.6931471805599453,0,0.0,0.0,0.0,0.1631663340797074,0.3312522871531557,0.5346534653465347,0.6931471805599453,1,1
0.0,0,0.0,0.0,0.0,0.43167992204656463,0.0,0.4653465346534653,0.6931471805599453,0,1
0.6931471805599453,0,0.0,0.0,0.6931471805599453,0.34472754695702174,0.0,0.504950495049505,0.6931471805599453,1,1
0.6931471805599453,0,0.0,0.0,0.0,0.29030469473346754,0.47797179889491237,0.6188118811881188,0.6931471805599453,0,1
0.6931471805599453,1,1.0986122886681096,0.0,0.0,0.3223096711914942,0.22040201896850423,0.6138613861386139,0.6931471805599453,1,1
0.6931471805599453,1,1.3862943611198906,0.0,0.0,0.30301904027024584,0.27911212176871375,0.6633663366336634,0.0,2,1
0.0,0,0.0,0.0,0.0,0.2519361398463049,0.0,0.5396039603960396,0.6931471805599453,0,0
0.0,0,0.6931471805599453,0.0,0.0,0.2185882159129464,0.2447745714405044,0.31683168316831684,0.6931471805599453,2,1
0.0,0,0.0,0.0,0.0,0.24107774221032874,0.0,0.019801980198019792,0.6931471805599453,2,1
0.6931471805599453,0,0.0,0.0,0.0,0.2158318542429112,0.28527918783547057,0.49504950495049505,0.6931471805599453,0,1
0.6931471805599453,1,0.0,0.0,0.0,0.20192196014864366,0.33303777417257807,0.6138613861386139,0.6931471805599453,1,1
0.6931471805599453,1,1.0986122886681096,0.0,0.0,0.27959823930769456,0.0,0.31683168316831684,0.6931471805599453,1,1
0.6931471805599453,1,0.6931471805599453,0.0,0.0,0.21046282384161424,0.2832723639630808,0.44059405940594065,0.6931471805599453,1,1
0.6931471805599453,1,0.0,0.0,0.0,0.2847377157091325,0.4587179627842414,0.8960396039603961,0.6931471805599453,1,1
0.6931471805599453,1,0.0,0.0,0.0,0.23286261842207384,0.20791710398291838,0.26732673267326734,0.6931471805599453,2,1
0.0,1,0.0,0.6931471805599453,0.0,0.2905757345049496,0.0,0.48514851485148514,0.6931471805599453,0,1
0.6931471805599453,0,0.6931471805599453,0.6931471805599453,0.6931471805599453,0.28802116016647306,0.3585753592273599,0.6534653465346535,0.0,2,0
0.6931471805599453,1,0.0,0.0,0.0,0.28109668398914794,0.13297568269079968,0.4257425742574258,0.6931471805599453,1,1
0.0,0,0.0,0.0,0.0,0.14482012361388982,0.25941976273380946,0.13861386138613863,0.6931471805599453,2,1
0.6931471805599453,0,0.0,0.0,0.0,0.23625302979992863,0.4335701392856751,0.3118811881188119,0.6931471805599453,0,1
0.6931471805599453,1,0.0,0.0,0.0,0.26856172408905254,0.30421137440299145,0.4653465346534653,0.6931471805599453,0,1
0.0,0,0.0,0.0,0.0,0.2918743402625505,0.0,0.44059405940594065,0.6931471805599453,1,1
0.6931471805599453,0,0.0,0.0,0.0,0.5115386117705972,0.0,0.7970297029702971,0.6931471805599453,0,1
0.6931471805599453,1,0.0,0.0,0.0,0.23112654696917181,0.3573325054755282,0.5594059405940595,0.6931471805599453,0,1
0.6931471805599453,1,1.0986122886681096,0.0,0.0,0.306530820096536,0.0,0.5,0.0,1,0
0.6931471805599453,1,1.0986122886681096,0.0,0.0,0.23594588416751988,0.2447745714405044,0.5346534653465347,0.6931471805599453,2,1
0.6931471805599453,1,0.0,0.0,0.0,0.18592177726677234,0.4654376655249576,0.7227722772277227,0.6931471805599453,1,1
0.6931471805599453,1,1.3862943611198906,0.0,0.0,0.3073651710083812,0.20067069546215116,0.4158415841584159,0.6931471805599453,2,1
0.6931471805599453,1,0.6931471805599453,0.0,0.0,0.41898929652892336,0.0,0.8613861386138614,0.6931471805599453,1,1
0.0,1,0.6931471805599453,0.0,0.0,0.3201924720637351,0.0,0.5396039603960396,0.6931471805599453,2,1
0.6931471805599453,1,0.6931471805599453,0.0,0.0,0.1598315864348696,0.418710334858185,0.43069306930693074,0.6931471805599453,2,0
0.6931471805599453,1,0.0,0.6931471805599453,0.0,0.14399261538787048,0.41976241280898885,0.3316831683168317,0.0,2,0
0.6931471805599453,1,0.6931471805599453,0.6931471805599453,0.0,0.2185243076578404,0.2708749541353997,0.3910891089108911,0.6931471805599453,1,1
0.0,0,0.0,0.0,0.0,0.33674079955545455,0.0,0.5247524752475248,0.6931471805599453,0,1
0.6931471805599453,1,0.6931471805599453,0.0,0.0,0.13062573946201786,0.2780356953999755,0.3465346534653465,0.6931471805599453,2,1
0.6931471805599453,0,0.0,0.0,0.0,0.2851220817074203,0.3677247801253174,0.5643564356435644,0.6931471805599453,0,1
0.6931471805599453,0,0.0,0.6931471805599453,0.0,0.15881184537105694,0.0,0.5,0.6931471805599453,2,0
0.0,0,0.0,0.0,0.0,0.27185710028555243,0.25941976273380946,0.5396039603960396,0.6931471805599453,0,1
0.0,0,0.0,0.0,0.0,0.18708850798892615,0.28608079108480705,0.38613861386138615,0.0,2,0
0.6931471805599453,1,1.0986122886681096,0.6931471805599453,0.0,0.4492270318900421,0.0,0.7871287128712872,0.6931471805599453,0,1
0.0,0,0.0,0.0,0.0,0.2212005895952601,0.0,0.2871287128712871,0.6931471805599453,1,1
0.6931471805599453,0,0.0,0.6931471805599453,0.0,0.22183543472068137,0.3559635798681865,0.42079207920792083,0.6931471805599453,1,1
0.0,0,0.0,0.0,0.0,0.194363841963987,0.0,0.14851485148514854,0.6931471805599453,0,1
0.6931471805599453,1,1.0986122886681096,0.0,0.0,0.26930252697878193,0.0,0.4653465346534653,0.6931471805599453,1,1
0.6931471805599453,1,0.0,0.0,0.0,0.16302184709017556,0.32163251182132835,0.3069306930693069,0.6931471805599453,2,1
0.0,0,0.6931471805599453,0.0,0.0,0.25916424306656305,0.0,0.4257425742574258,0.6931471805599453,1,1
0.6931471805599453,1,0.6931471805599453,0.0,0.6931471805599453,0.5265890341390445,0.0,0.6386138613861386,0.6931471805599453,0,0
0.6931471805599453,1,0.0,0.0,0.0,0.18708850798892615,0.3258766182497501,0.44059405940594065,0.6931471805599453,1,1
0.6931471805599453,1,1.3862943611198906,0.0,0.0,0.3034924644671531,0.03304785404620035,0.48514851485148514,0.6931471805599453,1,1
0.6931471805599453,1,1.0986122886681096,0.6931471805599453,0.0,0.2626471207576952,0.24894124413535035,0.5,0.6931471805599453,0,1
0.0,0,0.0,0.0,0.0,0.23674401848899243,0.4257033703491556,0.5247524752475248,0.6931471805599453,0,1
0.6931471805599453,0,0.0,0.0,0.0,0.33268921839619664,0.0,0.5148514851485149,0.0,0,1
0.6931471805599453,1,0.0,0.0,0.6931471805599453,0.3746822642641919,0.3249778571954778,0.7821782178217822,0.6931471805599453,1,1
0.0,1,0.0,0.0,0.0,0.30301904027024584,0.36167575236010724,0.4158415841584159,0.6931471805599453,2,0
0.0,0,0.0,0.0,0.0,0.19389144719748272,0.0,0.20297029702970298,0.6931471805599453,2,1
0.6931471805599453,0,0.6931471805599453,0.0,0.0,0.3056948239555542,0.2766885309769152,0.45049504950495045,0.6931471805599453,2,1
0.6931471805599453,0,0.0,0.0,0.0,0.22234265921065904,0.0,0.3564356435643564,0.6931471805599453,1,1
0.6931471805599453,0,0.0,0.0,0.0,0.2158318542429112,0.0,0.22277227722772275,0.6931471805599453,2,1
0.6931471805599453,1,0.6931471805599453,0.0,0.6931471805599453,0.36048261069639054,0.5867985225292249,0.21782178217821785,0.6931471805599453,1,1
0.6931471805599453,1,0.6931471805599453,0.0,0.0,0.34871120866666727,0.11539005129500476,0.6633663366336634,0.6931471805599453,0,1
0.6931471805599453,1,1.0986122886681096,0.0,0.6931471805599453,0.19389144719748272,0.5976147538383816,0.7425742574257426,0.6931471805599453,0,1
0.0,0,1.3862943611198906,0.6931471805599453,0.0,0.14624598770312294,0.0,0.5,0.0,2,0
0.0,0,0.0,0.0,0.0,0.29381488220447344,0.0,0.22277227722772275,0.6931471805599453,1,1
0.6931471805599453,1,1.3862943611198906,0.6931471805599453,0.0,0.20370925351210586,0.248525357250587,0.7277227722772277,0.6931471805599453,0,0
0.0,0,0.0,0.0,0.0,0.18557804924676707,0.0,0.09900990099009901,0.6931471805599453,0,0
0.6931471805599453,1,0.6931471805599453,0.6931471805599453,0.0,0.31449398449272103,0.19761147536193324,0.6534653465346535,0.6931471805599453,2,1
0.6931471805599453,1,1.3862943611198906,0.6931471805599453,0.0,0.23717318572568966,0.0,0.2376237623762376,0.6931471805599453,1,1
0.6931471805599453,1,1.0986122886681096,0.0,0.0,0.19946111297181054,0.3465797136992663,0.4900990099009901,0.6931471805599453,0,1
0.6931471805599453,1,0.0,0.0,0.0,0.19382392187823438,0.3625421426612235,0.6633663366336634,0.6931471805599453,1,1
0.6931471805599453,1,0.6931471805599453,0.6931471805599453,0.0,0.25811392331336114,0.45376132314431306,0.6237623762376238,0.0,0,0
0.6931471805599453,1,1.0986122886681096,0.6931471805599453,0.0,0.2316232631207555,0.32600494677094,0.49504950495049505,0.6931471805599453,2,1
0.6931471805599453,1,0.0,0.0,0.0,0.4980325909112478,0.0,1.0,0.6931471805599453,1,1
0.6931471805599453,1,1.3862943611198906,0.0,0.0,0.20496272999660684,0.3150378024616361,0.3415841584158416,0.6931471805599453,0,1
0.0,1,0.0,0.0,0.6931471805599453,0.3603449819706199,0.0,0.3910891089108911,0.0,0,0
0.0,1,0.0,0.0,0.0,0.18866226162052638,0.0859738018576362,0.5148514851485149,0.6931471805599453,1,1
0.6931471805599453,1,1.0986122886681096,0.0,0.0,0.47295673798788374,0.4466212690108364,0.6881188118811882,0.6931471805599453,0,1
0.6931471805599453,1,0.6931471805599453,0.0,0.0,0.27820612511772785,0.0,0.20297029702970298,0.6931471805599453,2,0
0.6931471805599453,1,1.3862943611198906,0.0,0.0,0.3447751974772394,0.4466212690108364,0.8613861386138614,0.6931471805599453,1,1
0.0,0,0.6931471805599453,0.0,0.0,0.32306323603928133,0.0,0.2722772277227723,0.6931471805599453,1,0
0.6931471805599453,1,0.0,0.0,0.0,0.3244162539872166,0.34695676391425306,0.5148514851485149,0.6931471805599453,2,1
0.6931471805599453,0,0.0,0.0,0.6931471805599453,0.41688061652058733,0.0,0.5693069306930693,0.6931471805599453,0,1
0.6931471805599453,0,0.0,0.6931471805599453,0.0,0.39194305407551394,0.0,0.5297029702970297,0.6931471805599453,0,0
0.6931471805599453,0,0.0,0.0,0.0,0.3427212662714131,0.0,0.48514851485148514,0.0,0,0
0.6931471805599453,1,0.6931471805599453,0.0,0.0,0.396544469006416,0.0,0.7376237623762376,0.6931471805599453,1,1
0.6931471805599453,1,1.0986122886681096,0.0,0.0,0.3456319716438617,0.0,0.6386138613861386,0.6931471805599453,1,1
0.0,0,0.0,0.0,0.0,0.21137297624832446,0.23061777183010324,0.4158415841584159,0.6931471805599453,2,1
0.6931471805599453,1,1.3862943611198906,0.0,0.0,0.48710218428666063,0.6356122252489187,0.5148514851485149,0.6931471805599453,0,1
0.6931471805599453,1,0.0,0.0,0.0,0.30180677636844444,0.0,0.5148514851485149,0.6931471805599453,1,1
0.6931471805599453,1,1.0986122886681096,0.0,0.0,0.3553129759980097,0.0,0.5148514851485149,0.6931471805599453,2,1
0.6931471805599453,1,0.0,0.0,0.0,0.24687034925735774,0.3677247801253174,0.504950495049505,0.6931471805599453,1,1
0.0,0,0.0,0.0,0.0,0.38266669279255466,0.0,0.6435643564356436,0.6931471805599453,2,1
0.6931471805599453,0,0.0,0.0,0.6931471805599453,0.43040978329679225,0.0,0.504950495049505,0.6931471805599453,2,1
0.6931471805599453,1,1.0986122886681096,0.0,0.0,0.31510823476056316,0.0,0.36633663366336633,0.6931471805599453,2,0
0.6931471805599453,0,0.0,0.6931471805599453,0.0,0.18337200441189705,0.25032628590801204,0.5247524752475248,0.6931471805599453,1,1
0.6931471805599453,1,0.0,0.6931471805599453,0.0,0.22706993697747924,0.443089105593743,0.5,0.0,2,0
0.6931471805599453,1,0.0,0.0,0.0,0.18247272892689526,0.35745686038459845,0.5445544554455446,0.6931471805599453,2,1
0.6931471805599453,1,0.0,0.0,0.0,0.35979400563442404,0.0,0.4900990099009901,0.6931471805599453,0,1
0.6931471805599453,0,1.3862943611198906,0.0,0.0,0.5007406867353775,0.0,0.7871287128712872,0.6931471805599453,0,1
0.6931471805599453,1,0.0,0.0,0.0,0.19946111297181054,0.3191807395111519,0.4653465346534653,0.6931471805599453,2,1
0.6931471805599453,1,1.0986122886681096,0.0,0.0,0.2326769364390317,0.22225426712932564,0.43069306930693074,0.6931471805599453,2,1
0.6931471805599453,1,1.0986122886681096,0.0,0.0,0.24344020729463808,0.08254214557714608,0.5396039603960396,0.6931471805599453,1,1
0.0,0,0.0,0.0,0.0,0.23760193570047666,0.0,0.22277227722772275,0.0,2,0
0.6931471805599453,1,0.0,0.0,0.0,0.2285096029979914,0.23061777183010324,0.3415841584158416,0.6931471805599453,2,1
0.6931471805599453,0,0.0,0.6931471805599453,0.0,0.2797094142830345,0.25941976273380946,0.4108910891089109,0.6931471805599453,0,1
0.0,0,0.0,0.0,0.0,0.12083820663574366,0.27763173659827944,0.3811881188118812,0.0,1,0
0.0,0,0.0,0.6931471805599453,0.0,0.15610589502615654,0.0,0.13366336633663367,0.6931471805599453,1,1
0.0,0,0.0,0.0,0.6931471805599453,0.44083340982182684,0.0,0.8316831683168316,0.6931471805599453,0,0
0.0,0,0.0,0.0,0.0,0.314135258506502,0.0,0.44059405940594065,0.6931471805599453,1,1
0.6931471805599453,1,0.0,0.6931471805599453,0.0,0.1708307761687082,0.35534072092559577,0.44059405940594065,0.6931471805599453,2,1
0.0,0,0.0,0.6931471805599453,0.0,0.17408673152723883,0.0,0.19801980198019803,0.6931471805599453,0,1
0.0,0,0.6931471805599453,0.6931471805599453,0.6931471805599453,0.2777596968346359,0.0,0.1782178217821782,0.6931471805599453,1,0
0.6931471805599453,1,0.0,0.0,0.0,0.3936377591900915,0.0,0.6633663366336634,0.6931471805599453,2,1
0.6931471805599453,1,0.0,0.6931471805599453,0.0,0.3868158114738909,0.0,0.9504950495049506,0.0,0,0
0.6931471805599453,1,0.0,0.6931471805599453,0.0,0.1768992473687127,0.30852990496461896,0.4158415841584159,0.6931471805599453,0,1
0.0,1,0.0,0.6931471805599453,0.0,0.16955036844159932,0.4545515246868139,0.7524752475247525,0.0,1,0
0.0,0,0.0,0.0,0.0,0.22612849989738543,0.0,0.1683168316831683,0.6931471805599453,2,1
0.0,0,0.6931471805599453,0.0,0.0,0.20059344381917157,0.0,0.6633663366336634,0.6931471805599453,2,0
0.6931471805599453,1,0.0,0.0,0.0,0.08167768694781405,0.4007726341715177,0.4257425742574258,0.6931471805599453,0,1
0.6931471805599453,1,0.0,0.0,0.0,0.24162405396066586,0.22467127264237696,0.5544554455445545,0.6931471805599453,1,1
0.6931471805599453,1,0.0,0.0,0.0,0.3751693157261882,0.0,0.5544554455445545,0.6931471805599453,0,1
0.0,0,0.0,0.6931471805599453,0.0,0.20850624375365326,0.0,0.26732673267326734,0.0,2,0
0.6931471805599453,1,0.0,0.0,0.0,0.1454960795108059,0.2666627052277055,0.36633663366336633,0.6931471805599453,2,1
0.6931471805599453,1,0.6931471805599453,0.0,0.0,0.433596600086063,0.2595569087259328,0.4158415841584159,0.0,2,0
0.6931471805599453,1,0.0,0.0,0.0,0.20496272999660684,0.5678358784827703,0.47029702970297027,0.6931471805599453,0,1
0.0,0,0.6931471805599453,0.6931471805599453,0.0,0.3171492985359356,0.0,0.2722772277227723,0.6931471805599453,0,0
0.6931471805599453,1,1.0986122886681096,0.0,0.0,0.3798330871578647,0.0,0.5297029702970297,0.6931471805599453,1,1
0.6931471805599453,1,0.0,0.0,0.0,0.22139113827827758,0.0028616794139658874,0.30198019801980197,0.6931471805599453,0,1
0.0,0,0.6931471805599453,0.0,0.6931471805599453,0.48288297132994507,0.0,0.6138613861386139,0.6931471805599453,1,1
0.6931471805599453,0,0.0,0.0,0.0,0.40382361963905294,0.0,0.3910891089108911,0.0,0,0
0.6931471805599453,1,0.0,0.0,0.0,0.18879885178540687,0.347835995271528,0.5792079207920792,0.6931471805599453,1,1
0.6931471805599453,0,0.0,0.0,0.0,0.27117735398208015,0.0,0.36633663366336633,0.6931471805599453,2,1
0.6931471805599453,0,0.0,0.0,0.0,0.15338396949012945,0.28447694150283254,0.1188118811881188,0.6931471805599453,1,1
0.6931471805599453,1,0.0,0.0,0.0,0.17408673152723883,0.18232155679395465,0.5,0.6931471805599453,2,1
0.0,1,0.0,0.6931471805599453,0.6931471805599453,0.42944482367143616,0.0,0.5544554455445545,0.6931471805599453,0,1
0.6931471805599453,0,0.0,0.0,0.0,0.2660449538922293,0.6419942272013248,0.7970297029702971,0.6931471805599453,1,1
0.6931471805599453,1,0.0,0.0,0.0,0.45773129591902245,0.28206633366614525,0.7623762376237624,0.6931471805599453,0,1
0.6931471805599453,0,1.3862943611198906,0.6931471805599453,0.0,0.32225938543596944,0.30329291996592844,0.6039603960396039,0.6931471805599453,1,1
0.6931471805599453,1,0.6931471805599453,0.0,0.6931471805599453,0.25477112003570485,0.19483552208542904,0.5148514851485149,0.6931471805599453,0,1
0.6931471805599453,1,1.0986122886681096,0.6931471805599453,0.0,0.31948436356709436,0.0,0.4158415841584159,0.6931471805599453,0,1
0.6931471805599453,1,0.0,0.0,0.0,0.259047665838418,0.2188320479045767,0.14356435643564358,0.6931471805599453,0,0
0.6931471805599453,1,1.0986122886681096,0.0,0.0,0.24728975226024938,0.2654364635044612,0.6138613861386139,0.0,0,0
0.6931471805599453,0,0.6931471805599453,0.6931471805599453,0.6931471805599453,0.21169758248697038,0.24226620892129833,0.8118811881188119,0.6931471805599453,1,0
0.6931471805599453,1,1.0986122886681096,0.6931471805599453,0.0,0.18080783961408298,0.20139770385476846,0.4900990099009901,0.0,0,0
0.6931471805599453,1,0.0,0.0,0.0,0.282258543344325,0.26856720859209876,0.6089108910891089,0.0,0,0
0.6931471805599453,0,0.0,0.0,0.6931471805599453,0.42723584658404345,0.0,0.2871287128712871,0.6931471805599453,1,1
0.6931471805599453,1,1.0986122886681096,0.0,0.0,0.27731280566656064,0.0,0.3465346534653465,0.6931471805599453,1,1
0.6931471805599453,1,0.0,0.0,0.0,0.3013314694931059,0.0,0.4554455445544554,0.6931471805599453,2,1
0.6931471805599453,1,0.0,0.0,0.0,0.2687897984034464,0.37618123103419554,0.7277227722772277,0.6931471805599453,2,0
0.6931471805599453,0,1.0986122886681096,0.0,0.0,0.30412287690311113,0.0,0.5445544554455446,0.6931471805599453,0,1
0.6931471805599453,1,0.0,0.0,0.0,0.4729912929141748,0.0,0.6633663366336634,0.6931471805599453,1,0
0.6931471805599453,1,0.0,0.0,0.0,0.22738330579182436,0.32856806492412344,0.6287128712871287,0.6931471805599453,0,1
0.0,0,0.6931471805599453,0.6931471805599453,0.0,0.34591716992687455,0.0,0.5247524752475248,0.6931471805599453,1,1
0.6931471805599453,0,0.0,0.0,0.0,0.2941374505934284,0.0,0.3564356435643564,0.0,1,0
0.6931471805599453,0,0.0,0.0,0.0,0.38266669279255466,0.0,0.5643564356435644,0.6931471805599453,0,1
0.0,1,1.0986122886681096,0.6931471805599453,0.0,0.006054527460018243,0.4177742243287909,0.3564356435643564,0.6931471805599453,1,1
0.6931471805599453,1,0.0,0.0,0.0,0.30301904027024584,0.36167575236010724,0.4158415841584159,0.6931471805599453,2,0
0.6931471805599453,1,0.6931471805599453,0.0,0.6931471805599453,0.25382816886142745,0.31451872640534057,0.6732673267326733,0.6931471805599453,1,1
0.6931471805599453,1,1.3862943611198906,0.0,0.0,0.32145399382874645,0.0,0.36633663366336633,0.6931471805599453,1,1
0.0,0,0.0,0.0,0.6931471805599453,0.19389144719748272,0.0,0.3316831683168317,0.6931471805599453,2,1
0.6931471805599453,0,1.0986122886681096,0.0,0.0,0.3618106496027803,0.6022981461436427,0.6732673267326733,0.6931471805599453,0,1
0.6931471805599453,1,1.0986122886681096,0.0,0.0,0.22310241263909952,0.2507414246394982,0.5,0.6931471805599453,2,0
0.0,0,0.0,0.6931471805599453,0.0,0.3039128434012931,0.0,0.6336633663366337,0.6931471805599453,0,1
0.6931471805599453,1,1.3862943611198906,0.6931471805599453,0.0,0.23236729305969317,0.0,0.43069306930693074,0.6931471805599453,0,1
0.6931471805599453,1,0.0,0.0,0.0,0.1648246748378675,0.4446858212614457,0.504950495049505,0.6931471805599453,1,1
0.6931471805599453,1,0.6931471805599453,0.6931471805599453,0.0,0.15573900443394303,0.35981667021098007,0.5198019801980198,0.6931471805599453,0,1
0.6931471805599453,0,1.0986122886681096,0.0,0.0,0.2595137876528515,0.0,0.26732673267326734,0.0,0,0
0.6931471805599453,1,1.0986122886681096,0.0,0.6931471805599453,0.3159768944323368,0.3150378024616361,0.6633663366336634,0.6931471805599453,1,1
0.6931471805599453,0,0.0,0.0,0.0,0.18948118537167166,0.0,0.24257425742574257,0.6931471805599453,2,0
0.6931471805599453,0,0.0,0.6931471805599453,0.0,0.2071315356785092,0.40220052589437283,0.3465346534653465,0.6931471805599453,1,1
0.6931471805599453,1,0.6931471805599453,0.6931471805599453,0.0,0.3526101243651453,0.1832100508550698,0.7920792079207921,0.6931471805599453,2,1
0.6931471805599453,0,0.0,0.6931471805599453,0.0,0.267819652380064,0.0,0.4158415841584159,0.6931471805599453,0,1
0.6931471805599453,1,0.0,0.0,0.0,0.26241579444023866,0.32459242647187797,0.46039603960396036,0.0,0,0
0.6931471805599453,1,0.0,0.6931471805599453,0.0,0.20059344381917157,0.26407220681264715,0.400990099009901,0.6931471805599453,0,1
0.6931471805599453,1,0.6931471805599453,0.0,0.6931471805599453,0.2198007340174096,0.0,0.3415841584158416,0.6931471805599453,1,1
0.6931471805599453,0,0.0,0.0,0.0,0.39477766847341755,0.5794557628068154,0.905940594059406,0.0,0,0
0.0,0,0.0,0.0,0.0,0.23631443327780766,0.0,0.36633663366336633,0.6931471805599453,1,1
0.6931471805599453,1,1.0986122886681096,0.0,0.0,0.3301306966560849,0.6930582877202051,0.900990099009901,0.6931471805599453,1,1
0.6931471805599453,1,0.6931471805599453,0.6931471805599453,0.0,0.28785758374520987,0.6640158424981245,0.5544554455445545,0.6931471805599453,0,0
0.6931471805599453,1,0.0,0.0,0.6931471805599453,0.1924712917920026,0.42895012644802555,0.801980198019802,0.6931471805599453,2,1
0.6931471805599453,0,0.0,0.6931471805599453,0.0,0.2624736375600868,0.20603808341127067,0.36633663366336633,0.6931471805599453,0,0
0.6931471805599453,1,1.0986122886681096,0.0,0.0,0.2438628988383805,0.3087910356620161,0.6039603960396039,0.6931471805599453,2,1
0.6931471805599453,1,1.3862943611198906,0.0,0.0,0.25477112003570485,0.4758752464028194,0.6138613861386139,0.6931471805599453,0,1
0.6931471805599453,1,0.6931471805599453,0.6931471805599453,0.0,0.2310644182219311,0.27763173659827944,0.4801980198019802,0.0,1,0
0.6931471805599453,0,0.0,0.0,0.0,0.3210507185258641,0.2930012339293808,0.7871287128712872,0.6931471805599453,1,0
0.0,0,0.0,0.6931471805599453,0.0,0.25086826489390707,0.0,0.3415841584158416,0.6931471805599453,0,0
0.6931471805599453,1,1.0986122886681096,0.6931471805599453,0.0,0.17260319441016428,0.2697896196101927,0.09405940594059406,0.6931471805599453,1,1
0.6931471805599453,0,0.0,0.0,0.0,0.19389144719748272,0.0,0.14356435643564358,0.6931471805599453,1,1
0.6931471805599453,1,1.3862943611198906,0.0,0.6931471805599453,0.3683870901454551,0.2256648147012547,0.36633663366336633,0.6931471805599453,0,1
0.6931471805599453,0,0.0,0.0,0.0,0.32089939049696764,0.31555660921776063,0.5,0.6931471805599453,1,0
0.6931471805599453,1,0.0,0.0,0.0,0.2725922883758063,0.0,0.4158415841584159,0.6931471805599453,1,1
0.6931471805599453,1,0.6931471805599453,0.6931471805599453,0.0,0.350359817345249,0.2265156372142935,0.6683168316831684,0.0,1,1
0.6931471805599453,0,0.6931471805599453,0.6931471805599453,0.0,0.2058183598643764,0.20820587094998416,0.33663366336633666,0.6931471805599453,1,1
0.6931471805599453,0,0.0,0.6931471805599453,0.0,0.4153217656402767,0.0,0.5148514851485149,0.6931471805599453,1,1
0.6931471805599453,1,0.0,0.0,0.0,0.08167768694781405,0.6819738799618201,0.9405940594059407,0.6931471805599453,0,1
0.6931471805599453,1,1.3862943611198906,0.0,0.0,0.30027332623005987,0.0,0.36633663366336633,0.6931471805599453,2,1
0.6931471805599453,0,1.0986122886681096,0.0,0.0,0.2618948597966595,0.0,0.4158415841584159,0.0,0,0
0.6931471805599453,0,0.0,0.6931471805599453,0.0,0.19725489883472855,0.30970445648627354,0.49504950495049505,0.6931471805599453,0,1
0.6931471805599453,0,1.0986122886681096,0.0,0.0,0.2635711968591836,0.0,0.400990099009901,0.6931471805599453,1,1
0.6931471805599453,1,0.0,0.6931471805599453,0.0,0.2212005895952601,0.09101815394194983,0.19801980198019803,0.6931471805599453,0,0
0.0,0,0.0,0.0,0.0,0.16876612996380488,0.0,0.3613861386138614,0.0,1,0
0.0,0,0.6931471805599453,0.0,0.0,0.2655857860788616,0.0,0.3415841584158416,0.6931471805599453,1,1
0.6931471805599453,1,0.6931471805599453,0.6931471805599453,0.0,0.1759168379489491,0.3706742722475989,0.504950495049505,0.6931471805599453,2,1
0.0,1,0.0,0.6931471805599453,0.0,0.22750859133397028,0.11142210703642161,0.37623762376237624,0.6931471805599453,1,1
0.6931471805599453,1,0.0,0.0,0.0,0.2116326800816939,0.297632403304949,0.6386138613861386,0.6931471805599453,0,1
0.6931471805599453,0,0.0,0.0,0.0,0.1956435704169525,0.27533954925339443,0.5891089108910891,0.6931471805599453,0,1
0.0,0,0.0,0.0,0.0,0.33674079955545455,0.0,0.3811881188118812,0.0,1,0
0.6931471805599453,1,0.0,0.0,0.0,0.21273474196240832,0.3063075365749458,0.4158415841584159,0.6931471805599453,0,1
0.6931471805599453,1,1.0986122886681096,0.0,0.6931471805599453,0.4092686294659664,0.0,0.5,0.0,0,0
0.6931471805599453,1,0.6931471805599453,0.6931471805599453,0.0,0.19335096180503308,0.3522205935893521,0.5,0.6931471805599453,0,1
0.6931471805599453,1,0.6931471805599453,0.0,0.0,0.24687034925735774,0.45601738727099567,0.6534653465346535,0.6931471805599453,2,1
0.6931471805599453,1,0.0,0.6931471805599453,0.0,0.19077479274866488,0.34695676391425306,0.7673267326732673,0.0,2,0
0.6931471805599453,1,0.6931471805599453,0.0,0.0,0.3588740673234487,0.16844798452808274,0.0,0.6931471805599453,1,1
0.0,0,0.0,0.0,0.0,0.2050286056158949,0.2537805207760996,0.2871287128712871,0.6931471805599453,2,1
0.6931471805599453,1,0.0,0.0,0.0,0.2788749014713895,0.38831141373370576,0.6732673267326733,0.6931471805599453,1,1
0.0,1,0.0,0.0,0.0,0.2948891637854637,0.3435581830106987,0.7722772277227723,0.6931471805599453,1,1
0.6931471805599453,1,1.0986122886681096,0.6931471805599453,0.0,0.2669045858972121,0.042122481853239004,0.40594059405940597,0.6931471805599453,1,1
0.6931471805599453,1,0.0,0.0,0.0,0.37930779039538215,0.31126838225792264,0.9158415841584159,0.6931471805599453,0,1
0.6931471805599453,0,0.0,0.6931471805599453,0.6931471805599453,0.3738840129456386,0.0,0.5247524752475248,0.6931471805599453,1,1
0.6931471805599453,1,0.0,0.6931471805599453,0.0,0.31001374989499564,0.0,0.4653465346534653,0.6931471805599453,0,1
0.6931471805599453,0,0.0,0.0,0.0,0.24687034925735774,0.0,0.21782178217821785,0.6931471805599453,2,1
0.6931471805599453,1,1.3862943611198906,0.0,0.0,0.25086826489390707,0.3677247801253174,0.4801980198019802,0.0,0,0
0.6931471805599453,1,0.0,0.0,0.0,0.23674401848899243,0.31256978795955986,0.38613861386138615,0.0,2,0
0.6931471805599453,1,0.6931471805599453,0.0,0.0,0.25187688180127354,0.2708749541353997,0.7920792079207921,0.6931471805599453,2,1
0.6931471805599453,1,0.6931471805599453,0.0,0.0,0.3423380154817913,0.229487828207055,0.6881188118811882,0.0,2,0
0.6931471805599453,1,1.3862943611198906,0.0,0.0,0.39993009694983067,0.0,0.6138613861386139,0.6931471805599453,1,0
0.6931471805599453,0,0.0,0.0,0.0,0.24059156168495371,0.39671583347590333,0.4158415841584159,0.6931471805599453,2,1
0.6931471805599453,1,0.6931471805599453,0.0,0.0,0.1426353203214263,0.3341839061032007,0.400990099009901,0.6931471805599453,0,1
0.6931471805599453,0,0.0,0.0,0.0,0.23772435915285053,0.4177742243287909,0.6683168316831684,0.6931471805599453,2,1
0.6931471805599453,1,1.0986122886681096,0.0,0.0,0.4054690278001719,0.0,0.8861386138613861,0.6931471805599453,1,1
0.0,1,0.0,0.0,0.0,0.23674401848899243,0.0,0.04950495049504949,0.6931471805599453,1,1
0.6931471805599453,1,0.6931471805599453,0.0,0.0,0.14997742701801609,0.0,0.17326732673267325,0.6931471805599453,0,0
0.6931471805599453,1,0.6931471805599453,0.0,0.0,0.21286421788843068,0.29326645074568153,0.594059405940594,0.0,0,0
0.6931471805599453,1,0.0,0.0,0.0,0.17997310412709425,0.23947174014735798,0.38613861386138615,0.6931471805599453,2,1
0.0,0,0.0,0.6931471805599453,0.0,0.17068868547207308,0.0,0.21782178217821785,0.6931471805599453,1,1
0.6931471805599453,1,1.0986122886681096,0.0,0.6931471805599453,0.20889824417868266,0.0,0.39603960396039606,0.0,1,0
0.6931471805599453,0,0.0,0.6931471805599453,0.0,0.27585720236936667,0.0,0.4158415841584159,0.6931471805599453,0,1
0.6931471805599453,1,1.0986122886681096,0.6931471805599453,0.6931471805599453,0.39897164334445323,0.1636294237818021,0.7970297029702971,0.6931471805599453,0,0
0.6931471805599453,0,0.0,0.0,0.0,0.225625582105359,0.0,0.3069306930693069,0.0,1,0
0.6931471805599453,1,0.0,0.0,0.6931471805599453,0.5254780952733167,0.0,0.7623762376237624,0.6931471805599453,0,1
0.6931471805599453,1,1.0986122886681096,0.0,0.0,0.3729952297042787,0.0,0.8217821782178217,0.6931471805599453,2,1
0.6931471805599453,1,0.0,0.6931471805599453,0.0,0.21973699950564213,0.40303252213895524,0.6386138613861386,0.6931471805599453,0,1
0.6931471805599453,1,1.3862943611198906,0.0,0.0,0.3695552241573147,0.0,0.504950495049505,0.6931471805599453,2,1
0.6931471805599453,0,0.0,0.0,0.0,0.2669618341655165,0.5679366290747653,0.7227722772277227,0.6931471805599453,0,1
0.6931471805599453,1,0.6931471805599453,0.0,0.0,0.25086826489390707,0.3677247801253174,0.7277227722772277,0.6931471805599453,1,1
0.6931471805599453,1,1.0986122886681096,0.6931471805599453,0.0,0.28440798500605496,0.22381887878482792,0.6485148514851485,0.6931471805599453,0,1
0.6931471805599453,1,0.0,0.0,0.0,0.2407739423295662,0.297632403304949,0.40594059405940597,0.6931471805599453,0,1
0.0,0,0.0,0.0,0.0,0.22011926980028998,0.0,0.22277227722772275,0.6931471805599453,0,1
0.6931471805599453,1,1.0986122886681096,0.0,0.0,0.44612830873132525,0.0,0.7970297029702971,0.6931471805599453,2,1
0.0,0,0.0,0.0,0.6931471805599453,0.3159768944323368,0.0,0.5297029702970297,0.0,1,0
0.6931471805599453,0,0.0,0.0,0.0,0.19807444673225078,0.0,0.16993643174260603,0.6931471805599453,2,0
0.6931471805599453,1,0.6931471805599453,0.6931471805599453,0.0,0.21440112371202377,0.3135226670455811,0.5453463211840438,0.0,0,0
0.6931471805599453,1,0.6931471805599453,0.0,0.0,0.280274442378334,0.4746400254864104,0.9190736812395075,0.0,2,0
0.0,0,0.0,0.6931471805599453,0.0,0.3471032466032506,0.0,0.46289921645040366,0.6931471805599453,0,0
0.0,0,0.6931471805599453,0.0,0.0,0.2755731492620065,0.0,0.4371616370090866,0.6931471805599453,1,0
0.6931471805599453,1,0.6931471805599453,0.0,0.0,0.23283637801598492,0.2774799420208932,0.6053596392786631,0.0,0,0
0.6931471805599453,1,0.6931471805599453,0.0,0.0,0.173566840625198,0.41178694570425634,0.4793651274082955,0.6931471805599453,1,0
0.6931471805599453,1,1.0986122886681096,0.0,0.0,0.29816336843499475,0.0357191821548804,0.5008101063938297,0.0,1,0
0.0,0,0.0,0.0,0.0,0.3044155348592634,0.0,0.4306070052742518,0.0,1,0
0.6931471805599453,0,0.0,0.0,0.0,0.37551912521694925,0.0,0.4364161365938667,0.0,0,0
0.6931471805599453,0,0.0,0.0,0.0,0.25420245783901135,0.5043272777980943,0.6309190494855133,0.6931471805599453,2,0
0.6931471805599453,0,0.0,0.0,0.0,0.4030160697550596,0.06841189008666951,0.43752429196004405,0.0,0,0
0.0,1,0.0,0.6931471805599453,0.0,0.14933049205654134,0.49621260293481095,0.8182112866121182,0.0,1,0
0.6931471805599453,1,0.6931471805599453,0.0,0.0,0.2865475766627343,0.2517582791179312,0.5551799659957637,0.6931471805599453,0,0
0.6931471805599453,1,0.6931471805599453,0.0,0.0,0.3309547989620287,0.011915512264061227,0.5044895787191044,0.0,0,0
0.6931471805599453,0,1.0986122886681096,0.0,0.0,0.25962236021810964,0.0,0.27408107721245023,0.0,0,0
0.6931471805599453,1,0.6931471805599453,0.0,0.0,0.3230746380825442,0.07183870810734302,0.25647050716570563,0.5588574613093832,2,0
0.0,0,0.0,0.0,0.0,0.45447276731948616,0.0,0.7391036234634845,0.6931471805599453,1,0
0.6931471805599453,0,0.0,0.0,0.0,0.1637525179670618,0.0,0.49009386874920857,0.6931471805599453,2,0
0.6931471805599453,0,0.0,0.6931471805599453,0.0,0.39185054204035313,0.0,0.528567629925606,0.6867562812249317,0,0
0.6931471805599453,1,0.0,0.6931471805599453,0.0,0.3514780961416054,0.24833892347878103,0.44371034235800566,0.0,2,0
0.6931471805599453,1,0.6931471805599453,0.0,0.0,0.35951931962063394,0.0,0.5,0.0,0,0
0.0,0,0.0,0.0,0.0,0.3305062437485167,0.0,0.4265571657051209,0.0,1,0
0.6931471805599453,1,0.6931471805599453,0.0,0.0,0.2872620283191414,0.4552847736027035,0.7963721093232969,0.6931471805599453,1,0
0.0,0,0.0,0.0,0.0,0.24386763835732317,0.0,0.23050393993212195,0.0,2,0
0.6931471805599453,1,0.0,0.0,0.0,0.3232543578973807,0.28877755337351846,0.47318122236922927,0.6931471805599453,2,0
0.0,0,0.0,0.0,0.0,0.2391614584529015,0.0,0.29542363017130124,0.6931471805599453,0,0
0.6931471805599453,1,0.0,0.6931471805599453,0.0,0.17778832323192212,0.34764655918582427,0.39796415346465625,0.0,1,0
0.6931471805599453,0,0.0,0.0,0.0,0.26192101247022703,0.0,0.28209052482122166,0.6931471805599453,1,0
0.0,0,0.6931471805599453,0.0,0.0,0.2538578298958298,0.0,0.5066907042499962,0.6931471805599453,1,0
0.6931471805599453,0,0.0,0.0,0.0,0.40170036177317714,0.0,0.40591540700342765,0.0,0,0
0.6931471805599453,1,0.0,0.0,0.0,0.34423369496959655,0.20284182892809025,0.5356206642197365,0.6931471805599453,2,0
0.6931471805599453,1,1.0986122886681096,0.0,0.0,0.3205036037278835,0.27711651139348403,0.6653588505366081,0.6931471805599453,0,0
0.6931471805599453,1,0.6931471805599453,0.6931471805599453,0.0,0.24445656711050273,0.36735336153635567,0.5501713658706869,0.0,0,0
0.6931471805599453,0,0.0,0.0,0.0,0.3309704263202335,0.0,0.3610710832286967,0.6931471805599453,2,0
0.6931471805599453,1,0.0,0.6931471805599453,0.0,0.21406610572114632,0.37083036333484765,0.4728510524996086,0.0,1,0
0.6931471805599453,1,1.0986122886681096,0.0,0.0,0.2538186573571579,0.2011069278221304,0.4643304688820319,0.6931471805599453,2,0
0.6931471805599453,1,0.0,0.0,0.0,0.21835014662426794,0.1365503811843378,0.15550148505614925,0.6931471805599453,0,0
0.6931471805599453,0,0.0,0.0,0.0,0.39474283125285775,0.5169773487246859,0.8439006293720377,0.0,0,0
0.0,0,0.0,0.0,0.0,0.25020249613183354,0.0,0.33892582807351096,0.6931471805599453,0,0
0.6931471805599453,0,0.6931471805599453,0.0,0.0,0.3155825606535969,0.0347086438873178,0.4103875200386041,0.6931471805599453,0,0
0.6931471805599453,1,0.6931471805599453,0.0,0.0,0.20566117886499038,0.3023900356845596,0.4799143622627741,0.6931471805599453,2,0
0.0,0,0.0,0.0,0.0,0.3184353400592868,0.28583426772081244,0.49196419586722745,0.6931471805599453,1,0
0.6931471805599453,1,0.6931471805599453,0.0,0.0,0.2676794070768038,0.24409836880282326,0.5152215773109597,0.6337875630002253,0,0
0.6931471805599453,1,0.0,0.0,0.0,0.20199317810299203,0.40367640700411367,0.5371387328315174,0.6931471805599453,2,0
0.6931471805599453,1,0.6931471805599453,0.0,0.0,0.31021566991221533,0.06109823586224074,0.2948843361824248,0.0,1,0
0.0,0,1.3862943611198906,0.0,0.0,0.2095194415012796,0.11846414582170985,0.5028017291819479,0.0,1,0
0.6931471805599453,1,1.3862943611198906,0.0,0.0,0.24401509526633383,0.34514542508923934,0.6505329834663789,0.07142925739594987,1,0
0.6931471805599453,1,0.0,0.6931471805599453,0.0,0.1641744639497235,0.3899053317997761,0.5141819425815074,0.0,2,0
0.6931471805599453,0,0.0,0.6931471805599453,0.0,0.14408270708663126,0.0,0.3377345716819772,0.6931471805599453,2,0
0.6931471805599453,0,0.0,0.6931471805599453,0.0,0.2775216670804944,0.16704590170241357,0.3998892009572894,0.6931471805599453,0,0
0.0,0,0.0,0.0,0.0,0.2599643666047421,0.0,0.373679484731179,0.0,1,0
0.6931471805599453,1,0.0,0.6931471805599453,0.0,0.21697801760726443,0.5401678184981082,0.7156388812261054,0.0,0,0
0.0,0,0.6931471805599453,0.0,0.0,0.22736573881071132,0.0,0.5869686332347118,0.6931471805599453,1,0
0.6931471805599453,1,0.0,0.6931471805599453,0.0,0.22318629551301022,0.43287018022624096,0.5296529995501303,0.0,2,0
0.0,0,0.0,0.0,0.0,0.246446363169948,0.0,0.5575391643694987,0.6931471805599453,1,0
0.6931471805599453,1,1.0986122886681096,0.0,0.0,0.24951688007069855,0.20842258947739367,0.46947723412597203,0.6931471805599453,2,0
0.6931471805599453,0,0.0,0.0,0.0,0.3460719248482496,0.0,0.483338579633949,0.0,0,0
0.0,0,0.0,0.0,0.0,0.23080363719745295,0.0,0.2334455777371884,0.0,2,0
0.6931471805599453,1,1.0986122886681096,0.0,0.0,0.3164489572800135,0.0,0.36519658040933695,0.6931471805599453,2,0
0.6931471805599453,1,0.6931471805599453,0.0,0.0,0.2874882165622446,0.06008424780106273,0.4919167591269282,0.0,1,0
0.6931471805599453,0,0.0,0.0,0.0,0.2427962303502521,0.0,0.24437026927844174,0.6931471805599453,2,0
0.6931471805599453,1,0.6931471805599453,0.0,0.6931471805599453,0.2079831028721138,0.2554088194888209,0.47937761056294764,0.6931471805599453,2,0
0.6931471805599453,1,0.0,0.0,0.0,0.37814667936803525,0.3573311534500449,0.7598595299765004,0.6931471805599453,0,0
0.6931471805599453,0,0.0,0.6931471805599453,0.0,0.42120655529537787,0.0,0.45762164259898325,0.5234936608813745,0,0
0.0,0,0.0,0.0,0.0,0.29823743451773926,0.010383295190013775,0.42783154242957744,0.6931471805599453,1,0
0.6931471805599453,0,0.0,0.0,0.0,0.36614224608595936,0.0,0.4721842407142519,0.0,0,0
0.6931471805599453,1,0.0,0.0,0.0,0.23003032965825368,0.019688636019911235,0.7021050318166537,0.6931471805599453,0,0
0.6931471805599453,1,0.6931471805599453,0.0,0.0,0.21576038264585673,0.4382545321630786,0.5962636478152503,0.6931471805599453,2,0
0.6931471805599453,0,0.0,0.0,0.0,0.4016170422002017,0.0,0.4064956111751685,0.0,0,0
0.0,0,0.0,0.0,0.0,0.31554176489453967,0.0,0.3685590133707733,0.0,1,0
0.6931471805599453,1,1.0986122886681096,0.0,0.0,0.31817415804794236,0.2722976967530141,0.6502131130954463,0.6931471805599453,0,0
0.0,0,0.0,0.0,0.0,0.2952828299809804,0.0,0.43894135795480416,0.2877781352993905,1,0
0.6931471805599453,1,0.0,0.0,0.0,0.2761440390726972,0.0,0.7071445600957434,0.6931471805599453,0,0
0.6931471805599453,1,0.0,0.6931471805599453,0.0,0.16859248799303375,0.38306828354325406,0.5552116043151064,0.0,2,0
0.6931471805599453,1,0.0,0.0,0.0,0.3300274605976794,0.23134536452212184,0.7467286529532656,0.6931471805599453,0,0
0.0,0,0.0,0.0,0.0,0.29140562068807424,0.0,0.2472295250152184,0.6931471805599453,0,0
0.6931471805599453,1,0.6931471805599453,0.0,0.0,0.26803525399724276,0.14446556365736732,0.39340254787657103,0.0,1,0
0.6931471805599453,0,0.0,0.0,0.0,0.4005272008816474,0.0,0.39975448938677643,0.0,0,0
0.6931471805599453,1,1.3862943611198906,0.0,0.0,0.3354772878155819,0.0,0.48224653971030274,0.6931471805599453,1,0
0.6931471805599453,0,0.0,0.0,0.0,0.29508322167209466,0.0,0.35880274634617215,0.0,0,0
0.6931471805599453,1,1.0986122886681096,0.0,0.0,0.27669199533813865,0.47152191371223007,0.9167647758267287,0.05704306830648152,2,0
0.0,0,0.0,0.0,0.0,0.29578957055488203,0.0,0.46830336702509257,0.0,1,0
0.6931471805599453,0,0.0,0.0,0.0,0.24301460373130668,0.13774387683589495,0.325932566753967,0.6931471805599453,2,0
0.0,1,0.0,0.0,0.0,0.22812015337825187,0.4522152728605394,0.45415012174575564,0.20389348456868736,2,0
0.6931471805599453,1,0.6931471805599453,0.0,0.0,0.27670964758752037,0.4861246214458952,0.9313438466627075,0.0,2,0
0.0,0,0.0,0.0,0.0,0.29991233763212627,0.0029455644369009914,0.5430484695721539,0.0,1,0
0.6931471805599453,1,0.0,0.0,0.0,0.014364300348168706,0.27521007945757664,0.5228292077694153,0.6931471805599453,0,0
0.0,0,0.0,0.0,0.0,0.3002888675737232,0.0,0.530732516341932,0.0,1,0
0.0,0,0.0,0.0,0.0,0.24897044497327359,0.324655697985115,0.4010149724435805,0.4060232227335792,2,0
0.6931471805599453,1,0.0,0.6931471805599453,0.6931471805599453,0.3052193109089569,0.11377466148639294,0.3219414274131614,0.6931471805599453,1,0
0.6931471805599453,1,0.0,0.0,0.0,0.3205484073926745,0.23676427921603735,0.7010101155149896,0.6931471805599453,2,0
0.0,0,0.0,0.0,0.0,0.15284690575130855,0.2815715435719232,0.38349133806775265,0.0,1,0
0.6931471805599453,1,0.6931471805599453,0.6931471805599453,0.0,0.23257992852453133,0.2880574864055732,0.48801034363919704,0.0,0,0
0.0,0,0.0,0.0,0.0,0.2432900685581272,0.0,0.22978662179141263,0.0,2,0
0.6931471805599453,1,0.0,0.6931471805599453,0.0,0.2531136539513149,0.1027982244045456,0.23596855830347097,0.6931471805599453,0,0
0.6931471805599453,0,0.0,0.0,0.0,0.2935286212477827,0.0,0.3586084674505461,0.015021453169283822,1,0
0.0,1,0.0,0.6931471805599453,0.0,0.1953460334298997,0.32260793777671914,0.4989153166165903,0.0,1,0
0.6931471805599453,1,0.6931471805599453,0.0,0.0,0.3754124954179368,0.2397130858333948,0.5964457091567359,0.0,2,0
0.6931471805599453,1,1.0986122886681096,0.0,0.0,0.317614555890342,0.0,0.5317755137165173,0.6931471805599453,2,0
0.6931471805599453,1,0.6931471805599453,0.0,0.0,0.3031534084174039,0.0,0.3912001485529294,0.6931471805599453,2,0
0.6931471805599453,1,0.6931471805599453,0.0,0.0,0.2892390367643509,0.4672555959236868,0.847990203144494,0.6931471805599453,2,0
0.0,0,0.0,0.0,0.0,0.24763702179943872,0.0,0.2697508575279407,0.6931471805599453,0,0
0.0,0,0.0,0.0,0.0,0.21537314466620328,0.0,0.3043002755303617,0.0,1,0
0.6931471805599453,1,1.0986122886681096,0.0,0.0,0.19918606265713684,0.21856089211520294,0.5224953475332426,0.0,0,0
0.0,0,0.0,0.0,0.0,0.20215355030554474,0.0,0.6540623768004639,0.6931471805599453,2,0
0.6931471805599453,1,0.0,0.0,0.0,0.32023140059419697,0.2059088892012917,0.7426114194906382,0.6931471805599453,0,0
0.6931471805599453,0,0.0,0.0,0.0,0.3436148225524067,0.0,0.48387154507443064,0.0,0,0
0.6931471805599453,0,0.0,0.0,0.0,0.28232956346139465,0.2687679329218191,0.6090744155008824,0.0,0,0
0.0,0,0.0,0.0,0.0,0.24017303197283454,0.31893278509458833,0.3987715230717884,0.35438789101765544,2,0
0.0,0,1.0986122886681096,0.0,0.0,0.2711160146488752,0.0,0.5012870137494545,0.6931471805599453,2,0
0.6931471805599453,1,1.0986122886681096,0.6931471805599453,0.0,0.18963194064103403,0.21953676990211082,0.5802353555366798,0.3215933702955256,0,0
0.6931471805599453,1,0.0,0.0,0.0,0.25270596564679765,0.28973176146521507,0.3907951710872943,0.6931471805599453,0,0
0.0,1,0.0,0.0,0.0,0.26353623294363415,0.0,0.5958498899440399,0.6931471805599453,0,0
0.6931471805599453,0,0.0,0.0,0.0,0.31744339263360116,0.27897812187098914,0.4809454702187931,0.6244803332156118,1,0
0.6931471805599453,1,0.0,0.0,0.0,0.28402990440686926,0.3698913713597434,0.5919292732403707,0.6931471805599453,2,0
0.0,0,0.0,0.0,0.0,0.16728495330481413,0.010340921382212058,0.36202936717126555,0.0,1,0
0.6931471805599453,1,0.0,0.0,0.0,0.3240922346057588,0.28176322852389435,0.4962307352644949,0.6931471805599453,0,0
0.6931471805599453,0,0.6931471805599453,0.6931471805599453,0.6931471805599453,0.2885611572890831,0.08957928066261131,0.6424579008001754,0.6931471805599453,1,0
0.6931471805599453,1,0.0,0.0,0.0,0.15594635330345694,0.3075143755994382,0.5396039603960396,0.6931471805599453,0,0
0.0,0,0.0,0.0,0.0,0.2450652889600156,0.09857031963023051,0.4247107661506825,0.0,1,0
0.6931471805599453,1,1.0986122886681096,0.0,0.0,0.29786445427694935,0.0,0.48979367605084023,0.0,1,0
0.0,0,0.0,0.0,0.0,0.234130571638193,0.0,0.275960845751104,0.6931471805599453,0,0
0.0,0,0.0,0.6931471805599453,0.0,0.3380930525010771,0.0,0.3928098269596232,0.6931471805599453,0,0
0.6931471805599453,1,0.6931471805599453,0.0,0.0,0.22308668248379593,0.2845939610133469,0.53068132555346,0.0,0,0
0.0,0,0.0,0.0,0.0,0.27774245429454836,0.0,0.4787062606327833,0.6931471805599453,1,0
0.0,0,0.0,0.0,0.0,0.25101152054213105,0.0,0.368120494489791,0.6931471805599453,0,0
0.6931471805599453,1,0.6931471805599453,0.0,0.0,0.3342724937463641,0.2672282082083322,0.7200928491908682,0.0,2,0
0.6931471805599453,0,1.0986122886681096,0.0,0.0,0.25684474168383103,0.0649490585707878,0.3438204537096914,0.0,0,0
0.0,1,0.0,0.0,0.0,0.3159768944323368,0.0,0.3120122978340186,0.6931471805599453,0,0
0.6931471805599453,1,0.0,0.0,0.0,0.36752116238469706,0.15141632294000887,0.38613861386138615,0.0,2,0
0.6931471805599453,0,1.0986122886681096,0.0,0.0,0.26144669142186294,0.0,0.2664200178834283,0.0,0,0
0.6931471805599453,1,0.6931471805599453,0.0,0.0,0.23155771785393192,0.23983741598152106,0.47495456898494287,0.0,1,0
0.6931471805599453,1,0.0,0.0,0.0,0.22039362145392116,0.29079832420726553,0.5955600240233359,0.0,0,0
0.6931471805599453,0,0.0,0.0,0.0,0.3237752785800687,0.0,0.35048060742349735,0.6931471805599453,2,0
0.0,0,0.0,0.0,0.6931471805599453,0.3597411094471552,0.0,0.3930770474454436,0.0,0,0
0.6931471805599453,1,1.0986122886681096,0.0,0.0,0.3361682509808275,0.31350761224470736,0.7816539824908998,0.6772225462967727,0,0
0.0,0,0.0,0.0,0.0,0.5265890341390445,0.20832714776554692,0.9732781473675411,0.6931471805599453,0,0
0.6931471805599453,1,0.0,0.0,0.0,0.24551592516574602,0.18546797265309553,0.6225933586774337,0.6931471805599453,0,0
0.6931471805599453,1,0.0,0.6931471805599453,0.0,0.14444725810118897,0.49648890738654583,0.8489480386579863,0.0,1,0
0.6931471805599453,1,1.0986122886681096,0.0,0.0,0.343668810707827,0.0,0.3698001581019874,0.6931471805599453,2,0
0.6931471805599453,1,0.6931471805599453,0.0,0.0,0.21369301149654762,0.29629333597626906,0.5945766256700198,0.0,0,0
0.6931471805599453,0,0.0,0.0,0.0,0.41239727971504125,0.0,0.6094064302849521,0.6931471805599453,1,0
0.6931471805599453,1,0.0,0.0,0.0,0.2646264160969513,0.5068794883225584,0.6212616248974611,0.0,0,0
0.6931471805599453,1,1.0986122886681096,0.0,0.0,0.32923227317057535,0.0,0.23906116913279823,0.0,1,0
0.6931471805599453,0,0.6931471805599453,0.0,0.6931471805599453,0.2718982319571532,0.12440336981162779,0.5969914859293178,0.6931471805599453,0,0
0.6931471805599453,1,1.0986122886681096,0.6931471805599453,0.0,0.20954997579294474,0.019526921739709956,0.47132652697329847,0.6931471805599453,0,0
0.6931471805599453,1,0.0,0.0,0.0,0.23006780543836183,0.40473055143570413,0.46498172398415716,0.0,2,0
0.6931471805599453,0,0.0,0.6931471805599453,0.0,0.3957909706943994,0.0,0.5244561956061795,0.6931471805599453,0,0
0.6931471805599453,1,1.0986122886681096,0.0,0.6931471805599453,0.3333569270201973,0.0,0.45470187580141447,0.0,0,0
0.6931471805599453,1,1.0986122886681096,0.6931471805599453,0.0,0.3150950860119273,0.11958285685936784,0.507424097310905,0.6931471805599453,0,0
0.6931471805599453,1,1.3862943611198906,0.0,0.0,0.39808391219075623,0.0058286467151305995,0.6143814549883243,0.6865596611929689,1,0
0.6931471805599453,1,0.0,0.6931471805599453,0.0,0.30647590526894697,0.3300109635105976,0.46598977474273445,0.0,2,0
0.6931471805599453,1,1.0986122886681096,0.6931471805599453,0.0,0.21617751893174347,0.02386921408972313,0.4804707251339465,0.6931471805599453,0,0
0.6931471805599453,0,0.0,0.0,0.0,0.33004643124431804,0.0,0.3607404752319711,0.6931471805599453,2,0
0.0,1,0.0,0.0,0.0,0.28840708608077203,0.3812820060012194,0.42384559495583385,0.6088515572392439,2,0
0.6931471805599453,1,0.0,0.0,0.0,0.22400035559109513,0.4345435651318596,0.4944826117605581,0.0,2,0
0.6931471805599453,1,0.0,0.0,0.0,0.2578071243773719,0.2331853503679901,0.19220998599042832,0.6931471805599453,0,0
0.0,0,0.0,0.0,0.0,0.2510436459000002,0.0,0.3740725121126935,0.6931471805599453,0,0
0.6931471805599453,1,1.0986122886681096,0.6931471805599453,0.0,0.23747304663750168,0.2410556754314266,0.6532601263146816,0.6931471805599453,0,0
0.6931471805599453,0,0.0,0.0,0.0,0.2562928340664787,0.3856642543690847,0.519021882689036,0.6931471805599453,2,0
0.6931471805599453,0,1.0986122886681096,0.0,0.0,0.28017907184443175,0.0,0.37288139177648894,0.0,0,0
0.6931471805599453,1,1.0986122886681096,0.0,0.0,0.31713809620972194,0.270155551437677,0.643503658152601,0.6931471805599453,0,0
0.6931471805599453,1,0.0,0.0,0.0,0.2850757904873393,0.36945001473589145,0.5824327355997396,0.6931471805599453,2,0
0.6931471805599453,1,0.0,0.0,0.0,0.34762235652670603,0.32606879175053227,0.5612118135317443,0.6931471805599453,0,0
0.6931471805599453,1,0.6931471805599453,0.0,0.0,0.23198641197305092,0.20495052435460678,0.4702672616427211,0.0,1,0
0.0,1,0.0,0.0,0.0,0.30301904027024584,0.36167575236010724,0.4158415841584159,0.6931471805599453,2,0
0.6931471805599453,1,1.0986122886681096,0.6931471805599453,0.0,0.2675472593899033,0.21975351995275208,0.5045209843320604,0.5471438839338745,0,0
0.6931471805599453,1,0.0,0.6931471805599453,0.0,0.2738425180886611,0.11084271303556309,0.2621414440787217,0.6931471805599453,0,0
0.0,0,0.0,0.0,0.0,0.24565555425451738,0.0,0.3208780775401953,0.6931471805599453,0,0
0.6931471805599453,1,0.0,0.0,0.0,0.23496351348656835,0.310500853736641,0.38570988776421294,0.0,2,0
0.6931471805599453,0,0.0,0.0,0.0,0.23947436328171373,0.0,0.2407918866348112,0.6931471805599453,2,0
0.6931471805599453,1,0.0,0.6931471805599453,0.0,0.20618330639425522,0.2898397117427135,0.4517260567677144,0.0,1,0
0.6931471805599453,0,0.0,0.0,0.0,0.3574950724832864,0.0,0.4017319963526836,0.6931471805599453,2,0
0.6931471805599453,1,0.0,0.0,0.0,0.2588283465185771,0.32606867789234306,0.4815734238188758,0.23693952825242562,0,0
0.6931471805599453,1,1.0986122886681096,0.0,0.0,0.24817917490846003,0.0,0.3494921550789868,0.0,1,0
0.6931471805599453,1,1.0986122886681096,0.6931471805599453,0.0,0.23564403985432172,0.10873684221212437,0.4664827365384621,0.6931471805599453,0,0
0.6931471805599453,1,0.6931471805599453,0.0,0.0,0.22463511776048423,0.24492417736450367,0.4922314593877267,0.6931471805599453,2,0
0.6931471805599453,0,0.0,0.6931471805599453,0.0,0.33971378646228423,0.0,0.624010139486884,0.6931471805599453,2,0
0.0,1,0.0,0.0,0.0,0.3159768944323368,0.0,0.41365453230177235,0.6931471805599453,0,0
0.6931471805599453,1,1.0986122886681096,0.0,0.0,0.35237385892973566,0.11375585041159364,0.5451245134777696,0.0,0,0
0.6931471805599453,1,0.0,0.0,0.0,0.301136208821505,0.3625098642232012,0.4336534296259321,0.6931471805599453,2,0
0.6931471805599453,1,0.0,0.0,0.0,0.3210350136151944,0.22723174218418174,0.6457125212633589,0.0,2,0
0.0,0,0.0,0.6931471805599453,0.0,0.2673599071079481,0.0,0.35048816127353805,0.6931471805599453,0,0
0.6931471805599453,1,1.0986122886681096,0.0,0.0,0.2692879171432919,0.1428406101921755,0.5159821907569688,0.6931471805599453,2,0
0.6931471805599453,1,0.0,0.0,0.0,0.28709800401373553,0.3685930420065229,0.5640054770987176,0.6931471805599453,2,0
0.6931471805599453,1,0.0,0.0,0.0,0.11125131802728061,0.2880346861373542,0.5845608644306355,0.6931471805599453,0,0
0.6931471805599453,1,0.0,0.0,0.0,0.1960296022664268,0.3637731596920969,0.3608539842128755,0.0,2,0
